fighter,punchType,powerpunchType,punchPlacement,punchLanded,partOfCombo,counterpunch,knockdownOrKO,round,timestamp,comment
Joshua,jab,NA,head,missed,soloPunch,no,no,1,02:58,
Usyk,jab,NA,head,missed,soloPunch,no,no,1,02:57,
Usyk,jab,NA,head,missed,comboPunch,no,no,1,02:56,
Usyk,jab,NA,head,missed,comboPunch,no,no,1,02:55,
Usyk,jab,NA,head,missed,soloPunch,no,no,1,02:52,
Joshua,powerpunch,cross,body,landed,soloPunch,no,no,1,02:48,
Usyk,jab,NA,head,missed,comboPunch,no,no,1,02:45,
Usyk,jab,NA,head,missed,comboPunch,no,no,1,02:45,
Usyk,jab,NA,head,missed,comboPunch,no,no,1,02:43,
Usyk,jab,NA,head,missed,comboPunch,no,no,1,02:43,
Usyk,jab,NA,head,missed,comboPunch,no,no,1,02:43,
Usyk,jab,NA,head,missed,comboPunch,no,no,1,02:41,
Usyk,jab,NA,head,missed,comboPunch,no,no,1,02:41,
Usyk,jab,NA,head,missed,soloPunch,no,no,1,02:39,
Joshua,jab,NA,body,landed,soloPunch,no,no,1,02:38,
Usyk,jab,NA,head,missed,soloPunch,no,no,1,02:36,
Usyk,jab,NA,head,missed,comboPunch,no,no,1,02:36,
Usyk,jab,NA,head,missed,comboPunch,no,no,1,02:36,
Joshua,jab,NA,head,missed,soloPunch,no,no,1,02:36,
Joshua,powerpunch,cross,body,landed,soloPunch,no,no,1,02:27,
Usyk,jab,NA,head,missed,comboPunch,no,no,1,02:21,
Usyk,powerpunch,cross,head,landed,comboPunch,no,no,1,02:21,
Usyk,jab,NA,head,missed,comboPunch,no,no,1,02:21,
Usyk,jab,NA,head,missed,soloPunch,no,no,1,02:19,
Usyk,jab,NA,head,missed,comboPunch,no,no,1,02:16,
Usyk,jab,NA,head,missed,comboPunch,no,no,1,02:16,
Usyk,jab,NA,head,missed,comboPunch,no,no,1,02:16,
Joshua,jab,NA,head,missed,soloPunch,no,no,1,02:16,
Usyk,jab,NA,head,landed,soloPunch,no,no,1,02:16,
Usyk,jab,NA,head,missed,soloPunch,no,no,1,02:15,
Joshua,jab,NA,head,landed,soloPunch,no,no,1,02:15,
Joshua,jab,NA,head,missed,comboPunch,no,no,1,02:13,
Joshua,jab,NA,head,missed,comboPunch,no,no,1,02:13,
Usyk,jab,NA,head,missed,soloPunch,no,no,1,02:12,
Joshua,jab,NA,head,missed,soloPunch,no,no,1,02:12,
Usyk,jab,NA,head,missed,soloPunch,no,no,1,02:10,
Usyk,jab,NA,head,missed,soloPunch,no,no,1,02:09,
Usyk,jab,NA,head,missed,comboPunch,no,no,1,02:07,
Usyk,jab,NA,head,missed,comboPunch,no,no,1,02:07,
Joshua,jab,NA,head,missed,soloPunch,no,no,1,02:01,
Usyk,jab,NA,head,missed,soloPunch,no,no,1,01:59,
Joshua,jab,NA,head,missed,soloPunch,no,no,1,01:59,
Usyk,jab,NA,head,missed,comboPunch,no,no,1,01:54,
Usyk,jab,NA,head,missed,comboPunch,no,no,1,01:54,
Usyk,jab,NA,head,missed,comboPunch,no,no,1,01:54,
Joshua,jab,NA,head,missed,soloPunch,no,no,1,01:54,
Joshua,jab,NA,head,missed,soloPunch,no,no,1,01:52,
Usyk,jab,NA,head,missed,soloPunch,no,no,1,01:51,
Joshua,jab,NA,head,missed,soloPunch,no,no,1,01:49:00 AM,
Usyk,jab,NA,head,missed,soloPunch,no,no,1,01:43:00 AM,
Joshua,jab,NA,head,missed,comboPunch,no,no,1,01:41:00 AM,
Joshua,jab,NA,head,missed,comboPunch,no,no,1,01:41:00 AM,
Joshua,jab,NA,head,missed,soloPunch,no,no,1,01:39:00 AM,
Usyk,jab,NA,head,missed,comboPunch,no,no,1,01:37:00 AM,
Usyk,jab,NA,head,missed,comboPunch,no,no,1,01:37:00 AM,
Joshua,jab,NA,head,missed,soloPunch,no,no,1,01:37:00 AM,
Usyk,jab,NA,head,landed,soloPunch,no,no,1,01:37:00 AM,
Joshua,jab,NA,head,missed,soloPunch,no,no,1,01:32:00 AM,
Usyk,jab,NA,head,missed,soloPunch,no,no,1,01:32:00 AM,
Joshua,jab,NA,body,landed,soloPunch,no,no,1,01:31:00 AM,
Usyk,jab,NA,head,missed,comboPunch,no,no,1,01:28:00 AM,
Usyk,jab,NA,head,missed,comboPunch,no,no,1,01:28:00 AM,
Usyk,jab,NA,head,missed,soloPunch,no,no,1,01:26:00 AM,
Joshua,jab,NA,head,missed,soloPunch,no,no,1,01:26:00 AM,
Joshua,jab,NA,body,landed,soloPunch,no,no,1,01:25:00 AM,
Usyk,jab,NA,head,missed,comboPunch,no,no,1,01:23:00 AM,
Usyk,jab,NA,head,missed,comboPunch,no,no,1,01:23:00 AM,
Usyk,jab,NA,head,missed,soloPunch,no,no,1,01:22:00 AM,
Joshua,jab,NA,head,missed,soloPunch,no,no,1,01:22:00 AM,
Usyk,powerpunch,cross,head,missed,soloPunch,no,no,1,01:10:00 AM,
Usyk,jab,NA,head,missed,comboPunch,no,no,1,01:07:00 AM,
Usyk,jab,NA,head,missed,comboPunch,no,no,1,01:07:00 AM,
Joshua,powerpunch,cross,body,landed,soloPunch,no,no,1,01:07:00 AM,
Usyk,jab,NA,head,missed,comboPunch,no,no,1,01:03:00 AM,
Usyk,jab,NA,head,missed,comboPunch,no,no,1,01:03:00 AM,
Usyk,jab,NA,head,missed,comboPunch,no,no,1,01:02:00 AM,
Usyk,jab,NA,head,missed,comboPunch,no,no,1,01:02:00 AM,
Usyk,powerpunch,hook,body,landed,comboPunch,no,no,1,01:02:00 AM,
Usyk,jab,NA,head,landed,soloPunch,no,no,1,01:00:00 AM,
Joshua,jab,NA,head,missed,soloPunch,no,no,1,12:58:00 AM,
Usyk,jab,NA,head,missed,soloPunch,no,no,1,12:58:00 AM,
Usyk,jab,NA,head,missed,comboPunch,no,no,1,12:55:00 AM,
Usyk,jab,NA,head,missed,comboPunch,no,no,1,12:55:00 AM,
Usyk,powerpunch,cross,head,missed,comboPunch,no,no,1,12:55:00 AM,
Usyk,jab,NA,head,missed,soloPunch,no,no,1,00:54,
Usyk,jab,NA,head,landed,soloPunch,no,no,1,00:51,
Joshua,jab,NA,head,landed,soloPunch,no,no,1,00:51,
Usyk,jab,NA,head,missed,comboPunch,no,no,1,00:48,
Usyk,jab,NA,head,missed,comboPunch,no,no,1,00:48,
Usyk,jab,NA,head,missed,comboPunch,no,no,1,00:47,
Usyk,powerpunch,cross,body,landed,comboPunch,no,no,1,00:47,
Usyk,jab,NA,head,missed,comboPunch,no,no,1,00:44,
Usyk,jab,NA,head,missed,comboPunch,no,no,1,00:44,
Usyk,powerpunch,hook,head,missed,soloPunch,no,no,1,00:42,
Joshua,jab,NA,head,landed,soloPunch,no,no,1,00:41,
Usyk,jab,NA,head,missed,soloPunch,no,no,1,00:41,
Joshua,jab,NA,head,missed,soloPunch,no,no,1,00:40,
Joshua,jab,NA,head,missed,soloPunch,no,no,1,00:40,
Usyk,powerpunch,cross,body,landed,soloPunch,no,no,1,00:39,
Joshua,jab,NA,head,missed,soloPunch,no,no,1,00:38,
Usyk,jab,NA,head,landed,soloPunch,no,no,1,00:38,
Joshua,jab,NA,body,landed,comboPunch,no,no,1,00:34,
Usyk,powerpunch,hook,head,landed,soloPunch,no,no,1,00:34,
Joshua,powerpunch,hook,body,landed,comboPunch,no,no,1,00:33,
Joshua,powerpunch,hook,head,missed,comboPunch,no,no,1,00:33,
Usyk,jab,NA,head,missed,soloPunch,no,no,1,00:29,
Joshua,jab,NA,head,missed,soloPunch,no,no,1,00:29,
Joshua,jab,NA,head,missed,soloPunch,no,no,1,00:28,
Joshua,jab,NA,head,missed,soloPunch,no,no,1,00:28,
Usyk,powerpunch,cross,body,landed,soloPunch,no,no,1,00:28,
Joshua,hold,NA,NA,NA,NA,no,no,1,00:27,
Joshua,powerpunch,uppercut,head,missed,soloPunch,no,no,1,00:27,
Joshua,powerpunch,uppercut,head,missed,soloPunch,no,no,1,00:27,
Joshua,jab,NA,head,missed,soloPunch,no,no,1,00:17,
Usyk,jab,NA,head,missed,comboPunch,no,no,1,00:15,
Usyk,powerpunch,cross,head,missed,comboPunch,no,no,1,00:15,
Usyk,jab,NA,head,missed,soloPunch,no,no,1,00:14,
Usyk,jab,NA,head,missed,comboPunch,no,no,1,00:11,
Usyk,jab,NA,head,missed,comboPunch,no,no,1,00:11,
Usyk,powerpunch,cross,body,landed,comboPunch,no,no,1,00:11,
Usyk,jab,NA,head,missed,comboPunch,no,no,1,00:10,
Usyk,powerpunch,cross,head,missed,comboPunch,no,no,1,00:10,
Usyk,jab,NA,head,missed,comboPunch,no,no,1,00:09,
Joshua,powerpunch,cross,body,missed,soloPunch,no,no,1,00:07,
Usyk,powerpunch,hook,head,missed,soloPunch,no,no,1,00:06,
Joshua,jab,NA,head,landed,soloPunch,no,no,2,02:58,
Joshua,jab,NA,head,missed,soloPunch,no,no,2,02:56,
Usyk,jab,NA,head,missed,comboPunch,no,no,2,02:55,
Usyk,jab,NA,head,missed,comboPunch,no,no,2,02:55,
Joshua,powerpunch,cross,body,landed,soloPunch,no,no,2,02:55,
Joshua,jab,NA,head,missed,soloPunch,no,no,2,02:51,
Joshua,jab,NA,head,missed,soloPunch,no,no,2,02:49,
Joshua,jab,NA,head,missed,soloPunch,no,no,2,02:48,
Usyk,jab,NA,head,missed,soloPunch,no,no,2,02:41,
Usyk,jab,NA,body,missed,soloPunch,no,no,2,02:39,
Usyk,jab,NA,head,missed,soloPunch,no,no,2,02:37,
Usyk,powerpunch,cross,body,missed,soloPunch,no,no,2,02:37,
Usyk,jab,NA,head,missed,comboPunch,no,no,2,02:36,
Usyk,jab,NA,head,missed,comboPunch,no,no,2,02:36,
Joshua,powerpunch,cross,body,missed,soloPunch,no,no,2,02:35,
Usyk,jab,NA,body,missed,soloPunch,no,no,2,02:33,
Joshua,jab,NA,head,missed,soloPunch,no,no,2,02:32,
Usyk,jab,NA,head,missed,soloPunch,no,no,2,02:29,
Usyk,jab,NA,head,missed,comboPunch,no,no,2,02:24,
Usyk,jab,NA,head,missed,comboPunch,no,no,2,02:24,
Usyk,jab,NA,head,missed,soloPunch,no,no,2,02:22,
Usyk,jab,NA,head,missed,soloPunch,no,no,2,02:20,
Joshua,jab,NA,head,missed,soloPunch,no,no,2,02:19,
Usyk,jab,NA,head,missed,comboPunch,no,no,2,02:16,
Usyk,jab,NA,head,missed,comboPunch,no,no,2,02:16,
Usyk,jab,NA,head,missed,soloPunch,no,no,2,02:15,
Usyk,jab,NA,head,missed,soloPunch,no,no,2,02:11,
Joshua,powerpunch,cross,head,missed,soloPunch,no,no,2,02:11,
Usyk,jab,NA,body,missed,soloPunch,no,no,2,02:09,
Usyk,jab,NA,head,missed,comboPunch,no,no,2,02:08,
Usyk,powerpunch,cross,body,missed,comboPunch,no,no,2,02:08,
Usyk,jab,NA,body,missed,comboPunch,no,no,2,02:07,
Joshua,jab,NA,body,landed,soloPunch,no,no,2,02:03,
Usyk,jab,NA,head,missed,comboPunch,no,no,2,02:00,
Usyk,jab,NA,head,missed,comboPunch,no,no,2,02:00,
Usyk,jab,NA,head,missed,comboPunch,no,no,2,02:00,
Usyk,jab,NA,head,missed,comboPunch,no,no,2,02:00,
Usyk,jab,NA,body,missed,soloPunch,no,no,2,01:58,
Joshua,jab,NA,head,missed,soloPunch,no,no,2,01:58,
Joshua,jab,NA,head,missed,soloPunch,no,no,2,01:57,
Usyk,jab,NA,head,missed,soloPunch,no,no,2,01:55,
Joshua,powerpunch,hook,body,landed,soloPunch,no,no,2,01:55,
Joshua,jab,NA,head,landed,soloPunch,no,no,2,01:52,
Joshua,powerpunch,cross,head,landed,soloPunch,no,no,2,01:51,
Usyk,jab,NA,head,missed,comboPunch,no,no,2,01:47,
Usyk,jab,NA,head,missed,comboPunch,no,no,2,01:47,
Usyk,powerpunch,cross,head,missed,comboPunch,no,no,2,01:47,
Usyk,jab,NA,body,missed,soloPunch,no,no,2,01:45,
Usyk,jab,NA,head,landed,soloPunch,no,no,2,01:44,
Usyk,jab,NA,head,missed,soloPunch,no,no,2,01:40,
Usyk,jab,NA,body,missed,soloPunch,no,no,2,01:40,
Usyk,jab,NA,head,missed,comboPunch,no,no,2,01:37,
Usyk,jab,NA,head,missed,comboPunch,no,no,2,01:37,
Joshua,powerpunch,hook,head,landed,comboPunch,no,no,2,01:36,
Joshua,powerpunch,cross,body,missed,comboPunch,no,no,2,01:35,
Usyk,jab,NA,head,missed,soloPunch,no,no,2,01:32,
Usyk,jab,NA,head,missed,soloPunch,no,no,2,01:29,
Usyk,jab,NA,head,missed,comboPunch,no,no,2,01:28,
Usyk,jab,NA,head,missed,comboPunch,no,no,2,01:28,
Joshua,jab,NA,head,missed,soloPunch,no,no,2,01:24,
Usyk,jab,NA,head,landed,soloPunch,no,no,2,01:24,
Usyk,powerpunch,cross,head,landed,soloPunch,no,no,2,01:22,
Usyk,jab,NA,head,missed,soloPunch,no,no,2,01:21,
Joshua,jab,NA,head,missed,soloPunch,no,no,2,01:19,
Joshua,jab,NA,head,missed,soloPunch,no,no,2,01:17,
Usyk,jab,NA,head,missed,soloPunch,no,no,2,01:15,
Joshua,powerpunch,uppercut,body,landed,comboPunch,no,no,2,01:15,
Joshua,powerpunch,hook,head,landed,comboPunch,no,no,2,01:14,
Usyk,jab,NA,head,missed,soloPunch,no,no,2,01:09,
Joshua,jab,NA,head,missed,soloPunch,no,no,2,01:06,
Joshua,jab,NA,head,missed,soloPunch,no,no,2,01:03,
Usyk,jab,NA,head,landed,soloPunch,no,no,2,01:03,
Usyk,jab,NA,head,landed,soloPunch,no,no,2,01:02,
Joshua,jab,NA,head,missed,comboPunch,no,no,2,01:00,
Joshua,jab,NA,head,missed,comboPunch,no,no,2,01:00,
Joshua,powerpunch,cross,head,missed,soloPunch,no,no,2,00:58,
Usyk,jab,NA,head,missed,soloPunch,no,no,2,00:57,
Usyk,jab,NA,head,missed,soloPunch,no,no,2,00:56,
Joshua,powerpunch,uppercut,body,landed,soloPunch,no,no,2,00:55,
Joshua,jab,NA,head,missed,soloPunch,no,no,2,00:53,
Usyk,jab,NA,head,missed,soloPunch,no,no,2,00:50,
Joshua,jab,NA,body,landed,soloPunch,no,no,2,00:48,
Joshua,jab,NA,head,missed,soloPunch,no,no,2,00:47,
Joshua,jab,NA,head,missed,soloPunch,no,no,2,00:44,
Usyk,jab,NA,head,missed,soloPunch,no,no,2,00:43,
Usyk,jab,NA,body,missed,soloPunch,no,no,2,00:39,
Usyk,jab,NA,head,missed,soloPunch,no,no,2,00:37,
Usyk,jab,NA,head,missed,comboPunch,no,no,2,00:36,
Usyk,jab,NA,head,missed,comboPunch,no,no,2,00:36,
Usyk,jab,NA,head,missed,soloPunch,no,no,2,00:34,
Usyk,jab,NA,head,missed,soloPunch,no,no,2,00:33,
Joshua,jab,NA,head,missed,soloPunch,no,no,2,00:33,
Joshua,jab,NA,head,missed,comboPunch,no,no,2,00:32,
Joshua,powerpunch,cross,body,landed,comboPunch,no,no,2,00:32,
Usyk,powerpunch,hook,head,missed,soloPunch,no,no,2,00:31,
Joshua,jab,NA,head,missed,soloPunch,no,no,2,00:28,
Usyk,jab,NA,head,missed,comboPunch,no,no,2,00:24,
Usyk,powerpunch,cross,body,landed,comboPunch,no,no,2,00:24,
Usyk,jab,NA,head,missed,soloPunch,no,no,2,00:23,
Joshua,jab,NA,head,missed,comboPunch,no,no,2,00:23,
Joshua,jab,NA,head,missed,comboPunch,no,no,2,00:22,
Joshua,jab,NA,head,landed,comboPunch,no,no,2,00:21,
Joshua,jab,NA,head,missed,comboPunch,no,no,2,00:21,
Joshua,jab,NA,head,landed,soloPunch,no,no,2,00:16,
Usyk,jab,NA,head,missed,comboPunch,no,no,2,00:13,
Usyk,jab,NA,head,missed,comboPunch,no,no,2,00:13,
Usyk,jab,NA,head,missed,comboPunch,no,no,2,00:13,
Joshua,powerpunch,cross,head,landed,soloPunch,no,no,2,00:12,
Usyk,jab,NA,head,missed,soloPunch,no,no,2,00:10,
Usyk,jab,NA,head,missed,comboPunch,no,no,2,00:07,
Usyk,jab,NA,head,missed,comboPunch,no,no,2,00:07,
Usyk,powerpunch,cross,body,landed,comboPunch,no,no,2,00:07,
Usyk,powerpunch,hook,head,landed,comboPunch,no,no,2,00:07,
Joshua,powerpunch,hook,body,landed,soloPunch,counterhit,no,2,00:06,
Joshua,jab,NA,head,landed,soloPunch,no,no,2,00:04,
Usyk,jab,NA,head,missed,comboPunch,no,no,2,00:03,
Usyk,jab,NA,head,missed,comboPunch,no,no,2,00:03,
Usyk,jab,NA,head,missed,comboPunch,no,no,3,02:56,
Usyk,powerpunch,cross,body,missed,comboPunch,no,no,3,02:56,
Usyk,jab,NA,head,missed,soloPunch,no,no,3,02:55,
Usyk,jab,NA,head,missed,soloPunch,no,no,3,02:54,
Usyk,jab,NA,head,missed,comboPunch,no,no,3,02:49,
Usyk,jab,NA,head,missed,comboPunch,no,no,3,02:49,
Usyk,jab,NA,head,missed,soloPunch,no,no,3,02:46,
Joshua,jab,NA,head,missed,soloPunch,no,no,3,02:46,
Usyk,jab,NA,head,landed,soloPunch,no,no,3,02:45,
Usyk,jab,NA,head,missed,soloPunch,no,no,3,02:43,
Joshua,jab,NA,head,missed,soloPunch,no,no,3,02:42,
Usyk,jab,NA,head,missed,soloPunch,no,no,3,02:39,
Joshua,jab,NA,head,missed,soloPunch,no,no,3,02:38,
Usyk,jab,NA,head,missed,soloPunch,no,no,3,02:38,
Joshua,jab,NA,head,missed,soloPunch,no,no,3,02:35,
Usyk,jab,NA,head,missed,soloPunch,no,no,3,02:33,
Joshua,jab,NA,head,missed,comboPunch,no,no,3,02:29,
Joshua,jab,NA,head,missed,comboPunch,no,no,3,02:29,
Usyk,powerpunch,cross,body,landed,soloPunch,counterhit,no,3,02:29,
Joshua,powerpunch,hook,head,missed,soloPunch,counterhit,no,3,02:29,
Joshua,jab,NA,head,missed,soloPunch,no,no,3,02:25,
Usyk,jab,NA,head,missed,comboPunch,no,no,3,02:24,
Usyk,jab,NA,head,missed,comboPunch,no,no,3,02:24,
Usyk,powerpunch,cross,head,landed,comboPunch,no,no,3,02:24,
Usyk,jab,NA,head,missed,soloPunch,no,no,3,02:23,
Joshua,powerpunch,uppercut,body,missed,soloPunch,counterhit,no,3,02:23,
Joshua,jab,NA,head,missed,soloPunch,no,no,3,02:19,
Usyk,jab,NA,head,missed,soloPunch,no,no,3,02:17,
Joshua,powerpunch,hook,head,landed,comboPunch,no,no,3,02:17,
Joshua,powerpunch,hook,head,landed,comboPunch,no,no,3,02:17,
Joshua,jab,NA,head,missed,soloPunch,no,no,3,02:15,
Usyk,jab,NA,head,missed,soloPunch,no,no,3,02:12,
Usyk,jab,NA,head,missed,soloPunch,no,no,3,02:09,
Usyk,jab,NA,head,missed,soloPunch,no,no,3,02:09,
Usyk,jab,NA,head,missed,soloPunch,no,no,3,02:03,
Joshua,jab,NA,head,missed,soloPunch,no,no,3,02:01,
Usyk,powerpunch,cross,head,missed,soloPunch,no,no,3,02:01,
Usyk,jab,NA,head,landed,soloPunch,no,no,3,01:59,
Usyk,jab,NA,head,missed,comboPunch,no,no,3,01:56,
Usyk,jab,NA,head,missed,comboPunch,no,no,3,01:56,
Usyk,jab,NA,body,missed,soloPunch,no,no,3,01:53,
Joshua,jab,NA,head,missed,soloPunch,no,no,3,01:52,
Joshua,jab,NA,body,missed,comboPunch,no,no,3,01:51,
Joshua,jab,NA,head,missed,comboPunch,no,no,3,01:51,
Usyk,jab,NA,head,missed,comboPunch,no,no,3,01:47,
Usyk,jab,NA,head,landed,comboPunch,no,no,3,01:47,
Usyk,powerpunch,cross,body,landed,comboPunch,no,no,3,01:47,
Usyk,jab,NA,head,missed,soloPunch,no,no,3,01:43,
Joshua,jab,NA,head,missed,soloPunch,no,no,3,01:41,
Usyk,jab,NA,head,missed,comboPunch,no,no,3,01:39,
Usyk,jab,NA,head,missed,comboPunch,no,no,3,01:39,
Joshua,jab,NA,head,landed,soloPunch,no,no,3,01:38,
Usyk,jab,NA,head,landed,soloPunch,no,no,3,01:35,
Joshua,powerpunch,cross,head,missed,soloPunch,counterhit,no,3,01:35,
Usyk,jab,NA,head,missed,comboPunch,no,no,3,01:33,
Usyk,jab,NA,head,landed,comboPunch,no,no,3,01:33,
Usyk,jab,NA,head,missed,soloPunch,no,no,3,01:32,
Usyk,jab,NA,head,missed,comboPunch,no,no,3,01:30,
Usyk,powerpunch,cross,head,landed,comboPunch,no,no,3,01:30,
Usyk,jab,NA,head,missed,comboPunch,no,no,3,01:30,
Usyk,powerpunch,cross,head,missed,comboPunch,no,no,3,01:30,
Joshua,jab,NA,head,landed,soloPunch,no,no,3,01:25,
Usyk,jab,NA,head,missed,soloPunch,no,no,3,01:24,
Joshua,jab,NA,head,missed,soloPunch,no,no,3,01:24,
Usyk,jab,NA,head,missed,soloPunch,no,no,3,01:21,
Joshua,jab,NA,head,missed,soloPunch,no,no,3,01:19,
Usyk,jab,NA,head,missed,comboPunch,no,no,3,01:18,
Joshua,jab,NA,head,missed,soloPunch,no,no,3,01:18,
Usyk,powerpunch,cross,body,landed,comboPunch,no,no,3,01:18,
Joshua,jab,NA,head,missed,soloPunch,no,no,3,01:08,
Usyk,jab,NA,head,missed,soloPunch,no,no,3,01:06,
Joshua,powerpunch,uppercut,body,landed,soloPunch,no,no,3,01:06,
Joshua,hold,NA,NA,NA,NA,no,no,3,01:04,
Joshua,powerpunch,uppercut,body,landed,soloPunch,no,no,3,01:01,
Usyk,jab,NA,head,missed,soloPunch,no,no,3,00:57,
Usyk,jab,NA,head,missed,soloPunch,no,no,3,00:56,
Joshua,jab,NA,head,landed,comboPunch,no,no,3,00:55,
Usyk,jab,NA,head,missed,soloPunch,no,no,3,00:54,
Usyk,jab,NA,head,missed,comboPunch,no,no,3,00:53,
Usyk,powerpunch,cross,head,missed,comboPunch,no,no,3,00:53,
Joshua,powerpunch,uppercut,body,missed,soloPunch,no,no,3,00:53,
Joshua,jab,NA,head,missed,soloPunch,no,no,3,00:51,
Usyk,jab,NA,head,missed,comboPunch,no,no,3,00:49,
Usyk,jab,NA,head,missed,comboPunch,no,no,3,00:49,
Usyk,powerpunch,hook,head,missed,comboPunch,no,no,3,00:49,
Joshua,powerpunch,cross,head,landed,soloPunch,no,no,3,00:49,
Joshua,powerpunch,uppercut,head,missed,soloPunch,no,no,3,00:46,
Joshua,jab,NA,head,missed,soloPunch,no,no,3,00:44,
Usyk,powerpunch,cross,head,landed,soloPunch,no,no,3,00:44,
Usyk,powerpunch,hook,head,missed,soloPunch,no,no,3,00:43,
Joshua,jab,NA,head,missed,soloPunch,no,no,3,00:43,
Joshua,powerpunch,cross,head,missed,soloPunch,no,no,3,00:41,
Usyk,jab,NA,body,landed,comboPunch,no,no,3,00:37,
Usyk,powerpunch,hook,head,missed,comboPunch,no,no,3,00:37,
Usyk,jab,NA,head,missed,comboPunch,no,no,3,00:33,
Usyk,jab,NA,head,missed,comboPunch,no,no,3,00:33,
Usyk,powerpunch,cross,head,missed,comboPunch,no,no,3,00:33,
Joshua,jab,NA,head,missed,soloPunch,no,no,3,00:31,
Usyk,jab,NA,head,landed,soloPunch,no,no,3,00:30,
Joshua,jab,NA,head,missed,comboPunch,no,no,3,00:28,
Joshua,jab,NA,head,missed,comboPunch,no,no,3,00:28,
Usyk,powerpunch,hook,head,landed,soloPunch,no,no,3,00:25,
Joshua,jab,NA,head,landed,soloPunch,no,no,3,00:23,
Usyk,jab,NA,head,missed,soloPunch,no,no,3,00:20,
Joshua,jab,NA,head,missed,soloPunch,no,no,3,00:20,
Usyk,jab,NA,head,missed,comboPunch,no,no,3,00:18,
Usyk,powerpunch,cross,head,missed,comboPunch,no,no,3,00:18,
Joshua,jab,NA,head,missed,soloPunch,no,no,3,00:16,
Usyk,jab,NA,head,missed,soloPunch,no,no,3,00:15,
Joshua,powerpunch,hook,head,landed,soloPunch,no,no,3,00:15,
Usyk,jab,NA,head,missed,soloPunch,no,no,3,00:10,
Joshua,jab,NA,head,missed,soloPunch,no,no,3,00:10,
Usyk,powerpunch,cross,body,missed,soloPunch,no,no,3,00:07,
Usyk,jab,NA,head,missed,soloPunch,no,no,3,00:06,
Joshua,jab,NA,head,missed,soloPunch,no,no,3,00:05,
Usyk,jab,NA,head,landed,comboPunch,no,no,3,00:05,
Usyk,powerpunch,hook,head,missed,comboPunch,no,no,3,00:04,
Joshua,jab,NA,head,missed,soloPunch,no,no,3,00:01,
Usyk,jab,NA,head,missed,comboPunch,no,no,4,02:55,
Usyk,jab,NA,head,missed,comboPunch,no,no,4,02:55,
Usyk,powerpunch,cross,head,missed,comboPunch,no,no,4,02:55,
Usyk,jab,NA,head,missed,soloPunch,no,no,4,02:53,
Usyk,jab,NA,head,missed,comboPunch,no,no,4,02:50,
Usyk,powerpunch,cross,head,missed,comboPunch,no,no,4,02:50,
Joshua,jab,NA,head,missed,soloPunch,no,no,4,02:48,
Usyk,jab,NA,head,missed,soloPunch,no,no,4,02:47,
Usyk,jab,NA,head,missed,comboPunch,no,no,4,02:45,
Usyk,powerpunch,cross,body,landed,comboPunch,no,no,4,02:45,
Joshua,powerpunch,cross,head,missed,comboPunch,no,no,4,02:43,
Joshua,jab,NA,head,missed,comboPunch,no,no,4,02:43,
Joshua,jab,NA,head,missed,soloPunch,no,no,4,02:37,
Usyk,jab,NA,head,missed,soloPunch,no,no,4,02:37,
Usyk,jab,NA,head,missed,comboPunch,no,no,4,02:33,
Usyk,jab,NA,head,missed,comboPunch,no,no,4,02:33,
Usyk,powerpunch,cross,body,landed,comboPunch,no,no,4,02:32,
Joshua,jab,NA,body,missed,comboPunch,no,no,4,02:30,
Usyk,jab,NA,head,landed,soloPunch,no,no,4,02:29,
Joshua,powerpunch,cross,body,landed,comboPunch,no,no,4,02:29,
Joshua,jab,NA,head,missed,soloPunch,no,no,4,02:24,
Usyk,powerpunch,hook,body,missed,soloPunch,no,no,4,02:24,
Joshua,hold,NA,NA,NA,NA,no,no,4,02:23,
Usyk,jab,NA,head,missed,soloPunch,no,no,4,02:17,
Usyk,powerpunch,hook,head,missed,soloPunch,no,no,4,02:15,
Joshua,jab,NA,head,landed,soloPunch,no,no,4,02:11,
Usyk,jab,NA,head,missed,soloPunch,no,no,4,02:11,
Joshua,jab,NA,head,landed,soloPunch,no,no,4,02:06,
Usyk,powerpunch,hook,head,missed,soloPunch,no,no,4,02:06,
Joshua,hold,NA,NA,NA,NA,no,no,4,02:05,
Joshua,powerpunch,hook,body,landed,soloPunch,no,no,4,02:03,
Usyk,jab,NA,head,missed,comboPunch,no,no,4,01:57,
Joshua,jab,NA,head,missed,soloPunch,no,no,4,01:57,
Usyk,powerpunch,cross,head,missed,comboPunch,no,no,4,01:57,
Usyk,powerpunch,hook,head,missed,comboPunch,no,no,4,01:54,
Usyk,powerpunch,cross,head,landed,comboPunch,no,no,4,01:54,
Usyk,jab,NA,body,missed,soloPunch,no,no,4,01:52,
Joshua,jab,NA,head,landed,soloPunch,no,no,4,01:47,
Usyk,jab,NA,head,missed,comboPunch,no,no,4,01:46,
Joshua,jab,NA,head,missed,soloPunch,no,no,4,01:46,
Usyk,powerpunch,cross,body,missed,comboPunch,no,no,4,01:45,
Usyk,jab,NA,head,missed,soloPunch,no,no,4,01:43,
Joshua,powerpunch,cross,head,landed,soloPunch,no,no,4,01:43,
Usyk,jab,NA,head,missed,soloPunch,no,no,4,01:40,
Usyk,jab,NA,head,missed,soloPunch,no,no,4,01:38,
Joshua,jab,NA,head,landed,soloPunch,no,no,4,01:38,
Joshua,jab,NA,head,missed,comboPunch,no,no,4,01:35,
Joshua,powerpunch,hook,head,missed,comboPunch,no,no,4,01:34,
Joshua,powerpunch,hook,head,missed,comboPunch,no,no,4,01:34,
Usyk,jab,NA,head,missed,soloPunch,no,no,4,01:30,
Joshua,powerpunch,uppercut,head,missed,soloPunch,no,no,4,01:30,
Usyk,jab,NA,body,landed,soloPunch,no,no,4,01:29,
Joshua,jab,NA,head,missed,soloPunch,no,no,4,01:29,
Usyk,jab,NA,head,missed,soloPunch,no,no,4,01:27,
Joshua,powerpunch,hook,head,missed,soloPunch,no,no,4,01:26,
Usyk,jab,NA,body,missed,soloPunch,no,no,4,01:23,
Usyk,jab,NA,head,missed,comboPunch,no,no,4,01:20,
Usyk,jab,NA,head,missed,comboPunch,no,no,4,01:20,
Usyk,jab,NA,head,missed,soloPunch,no,no,4,01:17,
Usyk,powerpunch,cross,head,missed,comboPunch,no,no,4,01:15,
Usyk,jab,NA,head,missed,comboPunch,no,no,4,01:15,
Usyk,jab,NA,head,missed,soloPunch,no,no,4,01:13,
Usyk,jab,NA,head,missed,soloPunch,no,no,4,01:11,
Joshua,jab,NA,head,missed,soloPunch,no,no,4,01:09,
Joshua,jab,NA,head,landed,soloPunch,no,no,4,01:05,
Usyk,jab,NA,head,missed,soloPunch,no,no,4,01:02,
Usyk,jab,NA,head,missed,comboPunch,no,no,4,00:57,
Usyk,jab,NA,head,missed,comboPunch,no,no,4,00:57,
Usyk,jab,NA,head,missed,comboPunch,no,no,4,00:57,
Joshua,jab,NA,head,landed,soloPunch,no,no,4,00:57,
Usyk,jab,NA,head,missed,soloPunch,no,no,4,00:56,
Joshua,jab,NA,head,missed,soloPunch,no,no,4,00:56,
Joshua,jab,NA,head,missed,soloPunch,no,no,4,00:54,
Joshua,jab,NA,body,landed,soloPunch,no,no,4,00:53,
Usyk,jab,NA,head,missed,soloPunch,no,no,4,00:52,
Usyk,jab,NA,head,missed,comboPunch,no,no,4,00:50,
Usyk,jab,NA,head,missed,comboPunch,no,no,4,00:50,
Usyk,powerpunch,cross,head,landed,comboPunch,no,no,4,00:50,
Usyk,jab,NA,head,missed,comboPunch,no,no,4,00:50,
Usyk,jab,NA,head,missed,comboPunch,no,no,4,00:49,
Usyk,powerpunch,hook,head,landed,comboPunch,no,no,4,00:49,
Usyk,jab,NA,head,missed,comboPunch,no,no,4,00:48,
Usyk,powerpunch,cross,head,landed,comboPunch,no,no,4,00:48,
Usyk,jab,NA,head,missed,comboPunch,no,no,4,00:46,
Usyk,jab,NA,head,landed,comboPunch,no,no,4,00:46,
Usyk,powerpunch,cross,head,missed,comboPunch,no,no,4,00:46,
Usyk,jab,NA,head,missed,comboPunch,no,no,4,00:43,
Usyk,jab,NA,head,missed,comboPunch,no,no,4,00:43,
Usyk,powerpunch,cross,head,missed,comboPunch,no,no,4,00:43,
Usyk,powerpunch,cross,body,landed,comboPunch,no,no,4,00:43,
Usyk,powerpunch,hook,head,landed,comboPunch,no,no,4,00:42,
Joshua,powerpunch,cross,head,missed,soloPunch,no,no,4,00:42,
Joshua,jab,NA,head,missed,soloPunch,no,no,4,00:40,
Usyk,jab,NA,head,landed,soloPunch,no,no,4,00:40,
Joshua,powerpunch,uppercut,head,missed,soloPunch,no,no,4,00:39,
Joshua,jab,NA,head,missed,soloPunch,no,no,4,00:37,
Joshua,jab,NA,head,landed,soloPunch,no,no,4,00:33,
Usyk,powerpunch,cross,head,missed,soloPunch,no,no,4,00:32,
Usyk,jab,NA,head,missed,soloPunch,no,no,4,00:31,
Joshua,jab,NA,head,landed,soloPunch,no,no,4,00:28,
Joshua,jab,NA,head,missed,comboPunch,no,no,4,00:27,
Joshua,powerpunch,uppercut,head,missed,comboPunch,no,no,4,00:27,
Joshua,jab,NA,head,missed,soloPunch,no,no,4,00:26,
Usyk,jab,NA,head,missed,soloPunch,no,no,4,00:26,
Usyk,powerpunch,cross,body,landed,soloPunch,no,no,4,00:25,
Joshua,powerpunch,uppercut,head,missed,soloPunch,no,no,4,00:24,
Joshua,powerpunch,cross,body,missed,soloPunch,no,no,4,00:20,
Usyk,jab,NA,head,missed,comboPunch,no,no,4,00:17,
Usyk,jab,NA,head,missed,comboPunch,no,no,4,00:17,
Usyk,powerpunch,cross,body,landed,comboPunch,no,no,4,00:17,
Joshua,powerpunch,hook,head,missed,comboPunch,no,no,4,00:17,
Joshua,jab,NA,head,missed,soloPunch,no,no,4,00:14,
Usyk,jab,NA,head,missed,comboPunch,no,no,4,00:11,
Usyk,jab,NA,head,missed,comboPunch,no,no,4,00:11,
Usyk,jab,NA,head,missed,comboPunch,no,no,4,00:11,
Joshua,jab,NA,head,missed,soloPunch,no,no,4,00:10,
Joshua,jab,NA,head,missed,soloPunch,no,no,4,00:09,
Usyk,jab,NA,head,landed,soloPunch,no,no,4,00:08,
Joshua,jab,NA,body,missed,soloPunch,no,no,4,00:06,
Usyk,jab,NA,head,missed,comboPunch,no,no,4,00:03,
Usyk,powerpunch,cross,head,landed,comboPunch,no,no,4,00:02,
Joshua,powerpunch,cross,head,missed,soloPunch,no,no,4,00:01,
Usyk,powerpunch,hook,head,landed,soloPunch,no,no,4,00:01,
Joshua,powerpunch,hook,body,missed,comboPunch,no,no,4,00:01,
Joshua,powerpunch,uppercut,head,missed,comboPunch,no,no,4,00:01,
Usyk,jab,NA,head,missed,soloPunch,no,no,5,02:57,
Joshua,jab,NA,head,landed,soloPunch,no,no,5,02:57,
Usyk,jab,NA,head,missed,comboPunch,no,no,5,02:56,
Usyk,jab,NA,head,landed,comboPunch,no,no,5,02:56,
Joshua,jab,NA,head,missed,soloPunch,no,no,5,02:56,
Joshua,jab,NA,head,missed,soloPunch,no,no,5,02:54,
Joshua,jab,NA,head,missed,soloPunch,no,no,5,02:53,
Usyk,jab,NA,head,missed,comboPunch,no,no,5,02:51,
Usyk,jab,NA,head,missed,comboPunch,no,no,5,02:51,
Joshua,jab,NA,head,missed,soloPunch,no,no,5,02:51,
Usyk,jab,NA,head,missed,soloPunch,no,no,5,02:50,
Joshua,jab,NA,head,landed,soloPunch,no,no,5,02:50,
Usyk,jab,NA,head,missed,soloPunch,no,no,5,02:46,
Joshua,jab,NA,head,missed,soloPunch,no,no,5,02:44,
Usyk,jab,NA,head,landed,soloPunch,no,no,5,02:44,
Joshua,powerpunch,cross,body,missed,soloPunch,no,no,5,02:41,
Usyk,jab,NA,head,missed,comboPunch,no,no,5,02:36,
Usyk,jab,NA,head,landed,comboPunch,no,no,5,02:36,
Usyk,powerpunch,cross,body,landed,soloPunch,no,no,5,02:35,
Joshua,jab,NA,head,missed,soloPunch,no,no,5,02:35,
Joshua,powerpunch,hook,head,missed,soloPunch,no,no,5,02:30,
Usyk,jab,NA,head,missed,soloPunch,no,no,5,02:27,
Joshua,jab,NA,head,missed,soloPunch,no,no,5,02:26,
Joshua,jab,NA,body,landed,soloPunch,no,no,5,02:23,
Usyk,jab,NA,head,missed,comboPunch,no,no,5,02:23,
Usyk,powerpunch,cross,head,landed,comboPunch,no,no,5,02:23,
Usyk,jab,NA,head,missed,soloPunch,no,no,5,02:19,
Usyk,jab,NA,head,landed,soloPunch,no,no,5,02:17,
Usyk,jab,NA,head,missed,soloPunch,no,no,5,02:16,
Usyk,jab,NA,head,missed,comboPunch,no,no,5,02:15,
Usyk,powerpunch,cross,head,landed,comboPunch,no,no,5,02:15,
Joshua,jab,NA,head,missed,comboPunch,no,no,5,02:13,
Joshua,powerpunch,hook,body,missed,comboPunch,no,no,5,02:12,
Usyk,jab,NA,head,missed,comboPunch,no,no,5,02:09,
Usyk,powerpunch,cross,body,missed,comboPunch,no,no,5,02:09,
Usyk,jab,NA,head,missed,soloPunch,no,no,5,02:08,
Usyk,jab,NA,head,missed,soloPunch,no,no,5,02:08,
Usyk,powerpunch,cross,head,missed,soloPunch,no,no,5,02:07,
Joshua,powerpunch,cross,head,missed,soloPunch,no,no,5,02:07,
Usyk,jab,NA,head,missed,soloPunch,no,no,5,02:06,
Joshua,jab,NA,head,landed,comboPunch,no,no,5,02:02,
Joshua,jab,NA,head,landed,comboPunch,no,no,5,02:02,
Usyk,jab,NA,head,missed,soloPunch,no,no,5,02:00,
Usyk,jab,NA,head,missed,soloPunch,no,no,5,01:57,
Joshua,jab,NA,head,missed,soloPunch,no,no,5,01:56,
Joshua,jab,NA,head,missed,soloPunch,no,no,5,01:52,
Usyk,jab,NA,head,missed,soloPunch,no,no,5,01:52,
Joshua,jab,NA,head,missed,soloPunch,no,no,5,01:51,
Usyk,jab,NA,body,landed,soloPunch,no,no,5,01:51,
Joshua,powerpunch,hook,head,missed,soloPunch,no,no,5,01:50,
Usyk,jab,NA,head,landed,soloPunch,no,no,5,01:50,
Joshua,powerpunch,uppercut,body,landed,soloPunch,no,no,5,01:46,"lowblow, ref time out"
Usyk,jab,NA,head,missed,comboPunch,no,no,5,01:34,
Usyk,jab,NA,head,missed,comboPunch,no,no,5,01:34,
Usyk,powerpunch,cross,head,missed,comboPunch,no,no,5,01:34,
Usyk,jab,NA,head,missed,comboPunch,no,no,5,01:35,
Usyk,jab,NA,head,missed,comboPunch,no,no,5,01:35,
Usyk,jab,NA,head,missed,comboPunch,no,no,5,01:32,
Usyk,jab,NA,head,missed,comboPunch,no,no,5,01:32,
Usyk,powerpunch,cross,body,landed,comboPunch,no,no,5,01:32,
Usyk,jab,NA,head,missed,soloPunch,no,no,5,01:30,
Joshua,jab,NA,head,missed,comboPunch,no,no,5,01:30,
Joshua,powerpunch,cross,head,landed,comboPunch,no,no,5,01:30,
Usyk,jab,NA,head,missed,soloPunch,no,no,5,01:27,
Joshua,jab,NA,head,landed,soloPunch,no,no,5,01:23,
Joshua,jab,NA,head,missed,comboPunch,no,no,5,01:20,
Joshua,jab,NA,head,missed,comboPunch,no,no,5,01:20,
Joshua,jab,NA,head,landed,comboPunch,no,no,5,01:20,
Usyk,jab,NA,head,landed,soloPunch,no,no,5,01:20,
Joshua,powerpunch,cross,body,missed,soloPunch,no,no,5,01:19,
Usyk,jab,NA,head,missed,soloPunch,no,no,5,01:16,
Joshua,jab,NA,head,missed,soloPunch,no,no,5,01:16,
Usyk,jab,NA,head,missed,soloPunch,no,no,5,01:15,
Usyk,jab,NA,head,missed,soloPunch,no,no,5,01:13,
Usyk,jab,NA,head,missed,comboPunch,no,no,5,01:12,
Usyk,jab,NA,head,missed,comboPunch,no,no,5,01:12,
Joshua,jab,NA,head,missed,soloPunch,no,no,5,01:09,
Joshua,jab,NA,head,missed,soloPunch,no,no,5,01:08,
Usyk,jab,NA,head,missed,soloPunch,no,no,5,01:06,
Usyk,powerpunch,cross,head,landed,soloPunch,no,no,5,01:04,
Usyk,jab,NA,head,missed,comboPunch,no,no,5,01:00,
Usyk,jab,NA,head,missed,comboPunch,no,no,5,01:00,
Usyk,jab,NA,head,missed,comboPunch,no,no,5,01:00,
Joshua,jab,NA,head,missed,soloPunch,no,no,5,00:59,
Usyk,jab,NA,head,landed,soloPunch,no,no,5,00:59,
Joshua,powerpunch,uppercut,body,missed,soloPunch,no,no,5,00:58,
Usyk,jab,NA,head,missed,comboPunch,no,no,5,00:53,
Usyk,jab,NA,head,missed,comboPunch,no,no,5,00:53,
Usyk,jab,NA,head,missed,comboPunch,no,no,5,00:53,
Joshua,jab,NA,head,landed,soloPunch,no,no,5,00:49,
Joshua,jab,NA,head,missed,comboPunch,no,no,5,00:42,
Joshua,powerpunch,cross,head,missed,comboPunch,no,no,5,00:42,
Usyk,jab,NA,body,missed,soloPunch,no,no,5,00:40,
Usyk,powerpunch,cross,head,missed,soloPunch,no,no,5,00:37,
Usyk,jab,NA,head,missed,comboPunch,no,no,5,00:32,
Usyk,jab,NA,head,missed,comboPunch,no,no,5,00:32,
Joshua,jab,NA,body,landed,soloPunch,no,no,5,00:25,
Joshua,jab,NA,body,landed,soloPunch,no,no,5,00:22,
Usyk,jab,NA,head,landed,comboPunch,no,no,5,00:22,
Usyk,powerpunch,cross,head,landed,comboPunch,no,no,5,00:21,
Joshua,jab,NA,head,missed,soloPunch,no,no,5,00:15,
Joshua,jab,NA,head,missed,soloPunch,no,no,5,00:09,
Joshua,jab,NA,head,missed,soloPunch,no,no,5,00:05,
Joshua,powerpunch,cross,body,landed,soloPunch,no,no,5,00:04,
Usyk,jab,NA,head,missed,soloPunch,no,no,5,00:03,
Usyk,jab,NA,head,missed,soloPunch,no,no,6,02:57,
Joshua,jab,NA,head,missed,soloPunch,no,no,6,02:57,
Usyk,jab,NA,head,missed,comboPunch,no,no,6,02:56,
Usyk,jab,NA,head,missed,comboPunch,no,no,6,02:56,
Usyk,powerpunch,cross,body,landed,comboPunch,no,no,6,02:56,
Usyk,jab,NA,head,missed,soloPunch,no,no,6,02:53,
Usyk,jab,NA,head,missed,soloPunch,no,no,6,02:52,
Usyk,jab,NA,head,missed,comboPunch,no,no,6,02:50,
Usyk,jab,NA,head,missed,comboPunch,no,no,6,02:50,
Usyk,powerpunch,cross,body,landed,comboPunch,no,no,6,02:50,
Joshua,jab,NA,head,missed,soloPunch,no,no,6,02:49,
Usyk,jab,NA,head,missed,soloPunch,no,no,6,02:46,
Joshua,powerpunch,cross,head,landed,soloPunch,no,no,6,02:46,
Usyk,jab,NA,head,missed,soloPunch,no,no,6,02:46,
Joshua,jab,NA,head,missed,comboPunch,no,no,6,02:41,
Joshua,jab,NA,head,missed,comboPunch,no,no,6,02:41,
Joshua,jab,NA,head,missed,soloPunch,no,no,6,02:38,
Joshua,jab,NA,head,missed,comboPunch,no,no,6,02:35,
Joshua,powerpunch,cross,head,missed,comboPunch,no,no,6,02:35,
Joshua,powerpunch,hook,body,missed,comboPunch,no,no,6,02:35,
Joshua,powerpunch,cross,body,missed,comboPunch,no,no,6,02:30,
Joshua,powerpunch,hook,body,missed,comboPunch,no,no,6,02:30,
Joshua,jab,NA,head,missed,soloPunch,no,no,6,02:26,
Usyk,jab,NA,head,missed,comboPunch,no,no,6,02:25,
Usyk,jab,NA,head,missed,comboPunch,no,no,6,02:25,
Usyk,jab,NA,head,missed,soloPunch,no,no,6,02:24,
Usyk,jab,NA,head,missed,comboPunch,no,no,6,02:22,
Usyk,powerpunch,cross,body,landed,comboPunch,no,no,6,02:22,
Usyk,powerpunch,hook,body,missed,comboPunch,no,no,6,02:22,
Usyk,powerpunch,cross,head,missed,soloPunch,no,no,6,02:20,
Joshua,jab,NA,head,missed,soloPunch,no,no,6,02:16,
Usyk,jab,NA,head,missed,soloPunch,no,no,6,02:14,
Usyk,jab,NA,head,missed,soloPunch,no,no,6,02:13,
Usyk,jab,NA,head,missed,soloPunch,no,no,6,02:10,
Usyk,powerpunch,hook,head,missed,comboPunch,no,no,6,02:09,
Usyk,jab,NA,head,landed,comboPunch,no,no,6,02:08,
Usyk,jab,NA,head,missed,comboPunch,no,no,6,02:08,
Joshua,jab,NA,head,missed,soloPunch,no,no,6,02:08,
Joshua,jab,NA,head,missed,soloPunch,no,no,6,02:06,
Usyk,jab,NA,head,landed,soloPunch,no,no,6,02:06,
Joshua,jab,NA,head,landed,soloPunch,no,no,6,02:04,
Joshua,powerpunch,cross,body,landed,soloPunch,no,no,6,02:03,
Joshua,jab,NA,head,missed,soloPunch,no,no,6,02:00,
Joshua,jab,NA,body,landed,soloPunch,no,no,6,01:59,
Usyk,jab,NA,head,landed,comboPunch,no,no,6,01:58,
Usyk,powerpunch,cross,body,missed,comboPunch,no,no,6,01:57,
Usyk,jab,NA,head,missed,comboPunch,no,no,6,01:57,
Joshua,powerpunch,hook,head,missed,soloPunch,no,no,6,01:57,
Usyk,powerpunch,hook,body,missed,comboPunch,no,no,6,01:57,
Usyk,powerpunch,cross,body,missed,soloPunch,no,no,6,01:55,
Usyk,powerpunch,cross,head,landed,soloPunch,no,no,6,01:53,
Joshua,jab,NA,head,missed,soloPunch,no,no,6,01:51,
Usyk,jab,NA,head,landed,soloPunch,no,no,6,01:48,
Joshua,powerpunch,uppercut,head,missed,comboPunch,no,no,6,01:47,
Joshua,powerpunch,hook,head,missed,comboPunch,no,no,6,01:47,
Joshua,jab,NA,head,missed,soloPunch,no,no,6,01:45,
Joshua,jab,NA,head,missed,soloPunch,no,no,6,01:40,
Usyk,jab,NA,head,missed,soloPunch,no,no,6,01:40,
Usyk,jab,NA,head,missed,soloPunch,no,no,6,01:39,
Joshua,jab,NA,head,missed,soloPunch,no,no,6,01:34,
Usyk,jab,NA,head,landed,soloPunch,no,no,6,01:34,
Joshua,jab,NA,head,missed,comboPunch,no,no,6,01:31,
Joshua,powerpunch,cross,head,missed,comboPunch,no,no,6,01:31,
Joshua,jab,NA,head,missed,comboPunch,no,no,6,01:30,
Joshua,powerpunch,cross,head,missed,comboPunch,no,no,6,01:30,
Usyk,jab,NA,head,missed,comboPunch,no,no,6,01:27,
Usyk,powerpunch,cross,head,missed,comboPunch,no,no,6,01:27,
Usyk,jab,NA,head,missed,comboPunch,no,no,6,01:25,
Usyk,powerpunch,cross,head,missed,comboPunch,no,no,6,01:25,
Usyk,powerpunch,cross,head,landed,soloPunch,no,no,6,01:25,
Joshua,jab,NA,head,landed,soloPunch,no,no,6,01:23,
Joshua,jab,NA,head,missed,soloPunch,no,no,6,01:19,
Joshua,jab,NA,head,landed,soloPunch,no,no,6,01:18,
Usyk,jab,NA,head,missed,soloPunch,no,no,6,01:15,
Joshua,jab,NA,head,missed,soloPunch,no,no,6,01:13,
Usyk,powerpunch,cross,head,missed,soloPunch,no,no,6,01:13,
Joshua,powerpunch,hook,head,missed,soloPunch,no,no,6,01:12,
Joshua,jab,NA,head,missed,soloPunch,no,no,6,01:11,
Usyk,jab,NA,head,missed,soloPunch,no,no,6,01:07,
Joshua,jab,NA,head,landed,comboPunch,no,no,6,01:06,
Joshua,powerpunch,cross,head,missed,comboPunch,no,no,6,01:06,
Joshua,powerpunch,hook,body,landed,comboPunch,no,no,6,01:03,
Joshua,powerpunch,hook,body,missed,comboPunch,no,no,6,01:03,
Joshua,powerpunch,hook,head,landed,comboPunch,no,no,6,01:02,
Usyk,powerpunch,hook,head,missed,soloPunch,no,no,6,01:00,
Usyk,jab,NA,head,landed,soloPunch,no,no,6,00:56,
Joshua,jab,NA,head,missed,soloPunch,no,no,6,00:52,
Usyk,jab,NA,head,missed,soloPunch,no,no,6,00:52,
Joshua,jab,NA,head,landed,soloPunch,no,no,6,00:49,
Usyk,jab,NA,head,missed,comboPunch,no,no,6,00:46,
Usyk,jab,NA,head,missed,comboPunch,no,no,6,00:46,
Usyk,jab,NA,head,landed,comboPunch,no,no,6,00:44,
Usyk,jab,NA,head,landed,comboPunch,no,no,6,00:44,
Usyk,powerpunch,cross,head,landed,comboPunch,no,no,6,00:44,
Usyk,powerpunch,hook,head,missed,comboPunch,no,no,6,00:43,
Joshua,jab,NA,head,missed,comboPunch,no,no,6,00:41,
Joshua,powerpunch,cross,head,missed,comboPunch,no,no,6,00:40,
Usyk,jab,NA,head,landed,soloPunch,no,no,6,00:39,
Usyk,jab,NA,head,missed,soloPunch,no,no,6,00:37,
Usyk,jab,NA,head,landed,comboPunch,no,no,6,00:35,
Usyk,jab,NA,head,missed,comboPunch,no,no,6,00:35,
Usyk,powerpunch,cross,head,missed,comboPunch,no,no,6,00:35,
Usyk,powerpunch,hook,head,missed,comboPunch,no,no,6,00:35,
Joshua,jab,NA,head,missed,soloPunch,no,no,6,00:34,
Joshua,jab,NA,head,landed,soloPunch,no,no,6,00:29,
Joshua,jab,NA,head,missed,soloPunch,no,no,6,00:27,
Joshua,jab,NA,head,landed,soloPunch,no,no,6,00:26,
Usyk,jab,NA,head,missed,soloPunch,no,no,6,00:26,
Usyk,jab,NA,head,missed,comboPunch,no,no,6,00:24,
Usyk,jab,NA,head,missed,comboPunch,no,no,6,00:24,
Usyk,powerpunch,cross,head,missed,comboPunch,no,no,6,00:24,
Usyk,powerpunch,hook,head,missed,comboPunch,no,no,6,00:24,
Usyk,powerpunch,hook,head,missed,soloPunch,no,no,6,00:21,
Joshua,jab,NA,head,missed,soloPunch,no,no,6,00:19,
Usyk,jab,NA,head,missed,comboPunch,no,no,6,00:18,
Usyk,powerpunch,hook,head,missed,comboPunch,no,no,6,00:18,
Usyk,powerpunch,hook,body,landed,comboPunch,no,no,6,00:17,
Usyk,jab,NA,head,landed,comboPunch,no,no,6,00:17,
Joshua,jab,NA,head,landed,soloPunch,no,no,6,00:14,
Joshua,jab,NA,body,missed,soloPunch,no,no,6,00:13,
Joshua,jab,NA,head,missed,soloPunch,no,no,6,00:12,
Joshua,powerpunch,cross,head,missed,soloPunch,no,no,6,00:10,
Usyk,jab,NA,head,missed,soloPunch,no,no,7,02:56,
Joshua,jab,NA,head,missed,soloPunch,no,no,7,02:56,
Usyk,jab,NA,head,missed,comboPunch,no,no,7,02:54,
Usyk,jab,NA,head,missed,comboPunch,no,no,7,02:54,
Joshua,jab,NA,head,missed,comboPunch,no,no,7,02:54,
Joshua,jab,NA,head,missed,comboPunch,no,no,7,02:54,
Usyk,jab,NA,head,missed,soloPunch,no,no,7,02:53,
Usyk,jab,NA,head,missed,soloPunch,no,no,7,02:51,
Joshua,jab,NA,head,missed,soloPunch,no,no,7,02:49,
Usyk,powerpunch,cross,head,landed,soloPunch,no,no,7,02:48,
Usyk,jab,NA,head,missed,soloPunch,no,no,7,02:47,
Joshua,jab,NA,head,missed,comboPunch,no,no,7,02:45,
Joshua,jab,NA,head,missed,comboPunch,no,no,7,02:45,
Usyk,jab,NA,body,missed,soloPunch,no,no,7,02:43,
Joshua,jab,NA,head,missed,comboPunch,no,no,7,02:42,
Joshua,jab,NA,head,missed,comboPunch,no,no,7,02:42,
Usyk,jab,NA,head,landed,soloPunch,no,no,7,02:42,
Joshua,hold,NA,NA,NA,NA,no,no,7,02:42,
Joshua,jab,NA,head,missed,soloPunch,no,no,7,02:37,
Usyk,jab,NA,head,missed,soloPunch,no,no,7,02:34,
Joshua,jab,NA,head,missed,soloPunch,no,no,7,02:33,
Usyk,jab,NA,head,landed,soloPunch,counterhit,no,7,02:33,
Joshua,hold,NA,NA,NA,NA,no,no,7,02:31,
Usyk,powerpunch,hook,body,landed,soloPunch,no,no,7,02:31,
Usyk,powerpunch,hook,body,landed,soloPunch,no,no,7,02:31,
Joshua,powerpunch,hook,body,landed,soloPunch,no,no,7,02:29,
Usyk,jab,NA,head,missed,soloPunch,no,no,7,02:27,
Usyk,jab,NA,head,missed,soloPunch,no,no,7,02:25,
Joshua,powerpunch,hook,body,landed,soloPunch,no,no,7,02:25,
Joshua,jab,NA,head,missed,comboPunch,no,no,7,02:21,
Joshua,powerpunch,cross,body,landed,comboPunch,no,no,7,02:21,
Usyk,powerpunch,hook,head,missed,soloPunch,no,no,7,02:21,
Usyk,jab,NA,head,missed,comboPunch,no,no,7,02:17,
Usyk,jab,NA,head,missed,comboPunch,no,no,7,02:17,
Usyk,powerpunch,cross,body,landed,comboPunch,no,no,7,02:17,
Usyk,powerpunch,hook,head,landed,comboPunch,no,no,7,02:17,
Joshua,jab,NA,head,missed,soloPunch,no,no,7,02:16,
Joshua,powerpunch,hook,head,missed,soloPunch,no,no,7,02:15,
Joshua,jab,NA,body,missed,soloPunch,no,no,7,02:10,
Usyk,jab,NA,head,landed,soloPunch,no,no,7,02:10,
Joshua,jab,NA,head,missed,soloPunch,no,no,7,02:08,
Joshua,powerpunch,hook,head,missed,soloPunch,no,no,7,02:04,
Usyk,jab,NA,head,missed,soloPunch,no,no,7,02:00,
Usyk,jab,NA,head,missed,comboPunch,no,no,7,01:57,
Usyk,jab,NA,head,missed,comboPunch,no,no,7,01:57,
Joshua,jab,NA,head,missed,soloPunch,no,no,7,01:54,
Usyk,powerpunch,cross,body,landed,soloPunch,no,no,7,01:54,
Joshua,jab,NA,head,missed,soloPunch,no,no,7,01:52,
Joshua,jab,NA,head,missed,soloPunch,no,no,7,01:51,
Usyk,jab,NA,head,missed,soloPunch,no,no,7,01:51,
Joshua,jab,NA,head,landed,soloPunch,no,no,7,01:47,
Usyk,jab,NA,head,landed,soloPunch,no,no,7,01:46,
Joshua,jab,NA,head,landed,soloPunch,no,no,7,01:45,
Usyk,jab,NA,head,missed,soloPunch,no,no,7,01:45,
Joshua,jab,NA,head,landed,soloPunch,no,no,7,01:41,
Usyk,jab,NA,head,missed,soloPunch,no,no,7,01:39,
Usyk,jab,NA,head,missed,soloPunch,no,no,7,01:34,
Usyk,jab,NA,head,missed,soloPunch,no,no,7,01:34,
Joshua,jab,NA,head,missed,soloPunch,no,no,7,01:34,
Joshua,jab,NA,head,missed,soloPunch,no,no,7,01:33,
Usyk,jab,NA,head,missed,soloPunch,no,no,7,01:33,
Joshua,jab,NA,head,missed,soloPunch,no,no,7,01:26,
Joshua,jab,NA,head,missed,comboPunch,no,no,7,01:26,
Joshua,powerpunch,cross,head,landed,comboPunch,no,no,7,01:26,
Usyk,jab,NA,head,missed,comboPunch,no,no,7,01:25,
Usyk,powerpunch,hook,head,missed,comboPunch,no,no,7,01:25,
Joshua,jab,NA,head,missed,soloPunch,no,no,7,01:22,
Joshua,jab,NA,head,landed,soloPunch,no,no,7,01:21,
Joshua,jab,NA,body,missed,comboPunch,no,no,7,01:20,
Joshua,powerpunch,cross,body,missed,comboPunch,no,no,7,01:20,
Joshua,jab,NA,head,missed,comboPunch,no,no,7,01:19,
Usyk,powerpunch,cross,head,missed,soloPunch,no,no,7,01:15,
Joshua,jab,NA,head,missed,soloPunch,no,no,7,01:12,
Usyk,jab,NA,head,missed,soloPunch,no,no,7,01:10,
Joshua,jab,NA,head,missed,soloPunch,no,no,7,01:06,
Usyk,jab,NA,head,missed,soloPunch,no,no,7,01:06,
Joshua,jab,NA,head,missed,soloPunch,no,no,7,01:04,
Usyk,jab,NA,body,landed,soloPunch,no,no,7,01:04,
Joshua,jab,NA,head,missed,soloPunch,no,no,7,01:01,
Usyk,jab,NA,head,missed,soloPunch,no,no,7,01:01,
Joshua,powerpunch,cross,head,landed,soloPunch,no,no,7,00:58,
Joshua,jab,NA,head,missed,soloPunch,no,no,7,00:57,
Usyk,jab,NA,head,missed,comboPunch,no,no,7,00:56,
Usyk,powerpunch,hook,body,missed,comboPunch,no,no,7,00:56,
Usyk,powerpunch,hook,body,landed,comboPunch,no,no,7,00:56,
Joshua,jab,NA,head,missed,soloPunch,no,no,7,00:52,
Joshua,jab,NA,head,missed,soloPunch,no,no,7,00:50,
Usyk,jab,NA,head,landed,soloPunch,no,no,7,00:50,
Usyk,jab,NA,head,landed,soloPunch,no,no,7,00:49,
Usyk,jab,NA,head,missed,soloPunch,no,no,7,00:43,
Joshua,jab,NA,head,missed,soloPunch,no,no,7,00:42,
Usyk,powerpunch,cross,body,landed,soloPunch,no,no,7,00:42,
Joshua,jab,NA,head,missed,soloPunch,no,no,7,00:41,
Usyk,powerpunch,cross,head,landed,soloPunch,no,no,7,00:41,
Usyk,jab,NA,head,missed,soloPunch,no,no,7,00:40,
Joshua,powerpunch,hook,head,missed,soloPunch,no,no,7,00:37,
Joshua,powerpunch,cross,head,missed,soloPunch,no,no,7,00:36,
Usyk,powerpunch,cross,head,landed,soloPunch,no,no,7,00:35,
Joshua,jab,NA,head,missed,soloPunch,no,no,7,00:33,
Usyk,jab,NA,head,missed,comboPunch,no,no,7,00:26,
Usyk,jab,NA,head,missed,comboPunch,no,no,7,00:26,
Joshua,jab,NA,head,missed,soloPunch,no,no,7,00:25,
Usyk,jab,NA,head,missed,comboPunch,no,no,7,00:21,
Usyk,jab,NA,head,missed,comboPunch,no,no,7,00:21,
Joshua,jab,NA,head,missed,soloPunch,no,no,7,00:19,
Joshua,jab,NA,body,missed,soloPunch,no,no,7,00:17,
Joshua,powerpunch,cross,body,missed,soloPunch,no,no,7,00:16,
Usyk,jab,NA,head,landed,comboPunch,no,no,7,00:15,
Usyk,powerpunch,cross,body,landed,comboPunch,no,no,7,00:15,
Usyk,jab,NA,body,missed,comboPunch,no,no,7,00:14,
Joshua,jab,NA,head,missed,soloPunch,no,no,7,00:13,
Usyk,jab,NA,head,missed,soloPunch,no,no,7,00:12,
Joshua,powerpunch,cross,body,missed,soloPunch,no,no,7,00:12,
Usyk,jab,NA,head,missed,comboPunch,no,no,7,00:09,
Usyk,powerpunch,cross,head,missed,comboPunch,no,no,7,00:09,
Joshua,jab,NA,body,missed,soloPunch,no,no,7,00:07,
Usyk,jab,NA,head,missed,soloPunch,no,no,7,00:05,
Joshua,jab,NA,head,missed,soloPunch,no,no,7,00:04,
Joshua,jab,NA,head,missed,soloPunch,no,no,7,00:03,
Usyk,jab,NA,head,landed,soloPunch,no,no,7,00:03,
Joshua,jab,NA,head,landed,soloPunch,no,no,7,00:03,
Usyk,powerpunch,hook,head,missed,soloPunch,no,no,7,00:02,
Joshua,powerpunch,cross,head,landed,soloPunch,no,no,7,00:01,
Usyk,powerpunch,hook,head,missed,comboPunch,no,no,7,00:01,
Usyk,powerpunch,uppercut,body,landed,comboPunch,no,no,7,00:01,
Usyk,powerpunch,hook,head,missed,comboPunch,no,no,7,00:01,
Usyk,jab,NA,head,missed,comboPunch,no,no,8,02:56,
Usyk,jab,NA,head,landed,comboPunch,no,no,8,02:56,
Joshua,jab,NA,head,missed,soloPunch,no,no,8,02:56,
Usyk,jab,NA,head,landed,comboPunch,no,no,8,02:56,
Usyk,powerpunch,cross,body,landed,comboPunch,no,no,8,02:55,
Joshua,jab,NA,head,missed,soloPunch,no,no,8,02:54,
Joshua,jab,NA,head,missed,soloPunch,no,no,8,02:52,
Usyk,jab,NA,head,landed,soloPunch,no,no,8,02:52,timeout to clean the ring
Joshua,jab,NA,head,missed,soloPunch,no,no,8,02:46,
Usyk,jab,NA,head,missed,comboPunch,no,no,8,02:42,
Usyk,jab,NA,head,landed,comboPunch,no,no,8,02:42,
Usyk,powerpunch,cross,body,landed,comboPunch,no,no,8,02:42,
Joshua,jab,NA,head,missed,soloPunch,no,no,8,02:39,
Joshua,jab,NA,head,missed,soloPunch,no,no,8,02:37,
Joshua,jab,NA,body,missed,soloPunch,no,no,8,02:36,
Joshua,jab,NA,head,landed,comboPunch,no,no,8,02:34,
Joshua,powerpunch,cross,head,missed,comboPunch,no,no,8,02:34,
Joshua,powerpunch,hook,head,missed,comboPunch,no,no,8,02:34,
Joshua,jab,NA,head,missed,comboPunch,no,no,8,02:31,
Joshua,powerpunch,hook,body,landed,comboPunch,no,no,8,02:31,
Joshua,jab,NA,body,landed,soloPunch,no,no,8,02:28,
Usyk,jab,NA,head,missed,comboPunch,no,no,8,02:26,
Usyk,jab,NA,head,landed,comboPunch,no,no,8,02:26,
Usyk,powerpunch,cross,body,landed,comboPunch,no,no,8,02:26,
Usyk,jab,NA,head,missed,comboPunch,no,no,8,02:17,
Usyk,jab,NA,head,missed,comboPunch,no,no,8,02:17,
Usyk,jab,NA,head,missed,comboPunch,no,no,8,02:17,
Usyk,powerpunch,cross,body,landed,comboPunch,no,no,8,02:17,
Usyk,jab,NA,head,missed,soloPunch,no,no,8,02:15,
Usyk,jab,NA,head,missed,soloPunch,no,no,8,02:14,
Joshua,jab,NA,head,missed,soloPunch,no,no,8,02:14,
Usyk,jab,NA,head,landed,soloPunch,no,no,8,02:14,
Joshua,jab,NA,head,missed,comboPunch,no,no,8,02:11,
Joshua,powerpunch,cross,head,missed,comboPunch,no,no,8,02:11,
Usyk,jab,NA,head,missed,soloPunch,no,no,8,02:09,
Joshua,jab,NA,head,landed,comboPunch,no,no,8,02:07,
Joshua,jab,NA,head,missed,comboPunch,no,no,8,02:07,
Usyk,jab,NA,head,missed,soloPunch,no,no,8,02:06,
Joshua,powerpunch,cross,head,landed,comboPunch,no,no,8,02:05,
Joshua,powerpunch,hook,body,landed,comboPunch,no,no,8,02:04,
Joshua,jab,NA,head,landed,soloPunch,no,no,8,02:03,
Usyk,jab,NA,head,landed,soloPunch,no,no,8,02:01,
Joshua,jab,NA,head,landed,soloPunch,no,no,8,02:00,
Joshua,powerpunch,hook,body,landed,soloPunch,no,no,8,01:59,
Joshua,jab,NA,head,landed,soloPunch,no,no,8,01:56,
Usyk,jab,NA,head,missed,soloPunch,no,no,8,01:54,
Usyk,jab,NA,head,missed,soloPunch,no,no,8,01:48,
Joshua,powerpunch,cross,body,landed,soloPunch,no,no,8,01:48,
Joshua,jab,NA,head,missed,soloPunch,no,no,8,01:46,
Usyk,jab,NA,head,missed,comboPunch,no,no,8,01:43,
Usyk,powerpunch,hook,head,missed,comboPunch,no,no,8,01:43,
Usyk,jab,NA,head,missed,soloPunch,no,no,8,01:42,
Usyk,jab,NA,head,missed,comboPunch,no,no,8,01:41,
Usyk,jab,NA,head,missed,comboPunch,no,no,8,01:41,
Usyk,powerpunch,cross,head,missed,comboPunch,no,no,8,01:41,
Usyk,powerpunch,hook,head,missed,comboPunch,no,no,8,01:40,
Joshua,jab,NA,head,missed,soloPunch,no,no,8,01:39,
Usyk,jab,NA,head,missed,soloPunch,no,no,8,01:38,
Usyk,jab,NA,head,landed,soloPunch,no,no,8,01:36,
Joshua,jab,NA,head,missed,soloPunch,no,no,8,01:36,
Usyk,jab,NA,head,missed,soloPunch,no,no,8,01:35,
Joshua,jab,NA,head,missed,soloPunch,no,no,8,01:34,
Joshua,jab,NA,head,missed,comboPunch,no,no,8,01:31,
Joshua,powerpunch,uppercut,body,missed,comboPunch,no,no,8,01:31,
Usyk,jab,NA,head,missed,soloPunch,no,no,8,01:29,
Usyk,jab,NA,body,missed,soloPunch,no,no,8,01:28,
Joshua,jab,NA,head,landed,soloPunch,no,no,8,01:27,
Usyk,jab,NA,head,missed,comboPunch,no,no,8,01:26,
Usyk,jab,NA,head,landed,comboPunch,no,no,8,01:26,
Usyk,jab,NA,head,missed,comboPunch,no,no,8,01:25,
Usyk,powerpunch,cross,head,missed,comboPunch,no,no,8,01:25,
Usyk,powerpunch,hook,head,missed,comboPunch,no,no,8,01:24,
Usyk,jab,NA,head,missed,comboPunch,no,no,8,01:23,
Joshua,jab,NA,head,landed,soloPunch,no,no,8,01:22,
Usyk,jab,NA,body,landed,soloPunch,no,no,8,01:22,
Joshua,jab,NA,head,missed,soloPunch,no,no,8,01:20,
Usyk,jab,NA,head,missed,soloPunch,no,no,8,01:20,
Joshua,powerpunch,hook,head,landed,soloPunch,no,no,8,01:20,
Joshua,jab,NA,head,missed,soloPunch,no,no,8,01:13,
Usyk,jab,NA,head,missed,soloPunch,no,no,8,01:13,
Joshua,jab,NA,body,landed,soloPunch,no,no,8,01:13,
Usyk,jab,NA,head,missed,soloPunch,no,no,8,01:12,
Usyk,jab,NA,head,missed,comboPunch,no,no,8,01:09,
Usyk,jab,NA,head,missed,comboPunch,no,no,8,01:09,
Usyk,powerpunch,cross,body,landed,comboPunch,no,no,8,01:09,
Usyk,jab,NA,head,landed,comboPunch,no,no,8,01:09,
Usyk,powerpunch,cross,head,landed,comboPunch,no,no,8,01:09,
Usyk,jab,NA,body,missed,comboPunch,no,no,8,01:08,
Joshua,jab,NA,head,missed,soloPunch,no,no,8,01:05,
Usyk,jab,NA,head,missed,soloPunch,no,no,8,01:04,
Joshua,powerpunch,cross,body,landed,soloPunch,no,no,8,01:04,
Joshua,jab,NA,head,missed,comboPunch,no,no,8,01:03,
Joshua,powerpunch,uppercut,body,landed,comboPunch,no,no,8,01:03,
Joshua,jab,NA,head,landed,soloPunch,no,no,8,01:02,
Usyk,jab,NA,head,landed,soloPunch,no,no,8,01:02,
Joshua,powerpunch,uppercut,body,landed,comboPunch,no,no,8,01:00,
Joshua,powerpunch,hook,body,landed,comboPunch,no,no,8,00:59,
Joshua,powerpunch,hook,body,landed,comboPunch,no,no,8,00:59,
Joshua,powerpunch,hook,body,missed,comboPunch,no,no,8,00:59,
Joshua,powerpunch,cross,head,missed,soloPunch,no,no,8,00:58,
Joshua,hold,NA,NA,NA,NA,no,no,8,00:58,
Joshua,jab,NA,head,missed,soloPunch,no,no,8,00:52,
Usyk,jab,NA,head,missed,comboPunch,no,no,8,00:49,
Usyk,jab,NA,head,missed,comboPunch,no,no,8,00:49,
Usyk,powerpunch,cross,head,landed,comboPunch,no,no,8,00:49,
Usyk,jab,NA,head,missed,comboPunch,no,no,8,00:46,
Usyk,powerpunch,cross,head,missed,comboPunch,no,no,8,00:46,
Usyk,jab,NA,head,landed,comboPunch,no,no,8,00:46,
Usyk,jab,NA,body,missed,soloPunch,no,no,8,00:46,
Joshua,powerpunch,cross,head,missed,soloPunch,no,no,8,00:46,
Usyk,jab,NA,head,missed,soloPunch,no,no,8,00:45,
Usyk,jab,NA,head,missed,soloPunch,no,no,8,00:43,
Joshua,jab,NA,head,missed,soloPunch,no,no,8,00:43,
Usyk,jab,NA,head,missed,comboPunch,no,no,8,00:41,
Usyk,jab,NA,head,missed,comboPunch,no,no,8,00:41,
Joshua,jab,NA,head,missed,soloPunch,no,no,8,00:39,
Joshua,jab,NA,head,landed,soloPunch,no,no,8,00:37,
Usyk,jab,NA,head,missed,comboPunch,no,no,8,00:35,
Usyk,powerpunch,cross,head,missed,comboPunch,no,no,8,00:35,
Usyk,jab,NA,head,missed,comboPunch,no,no,8,00:33,
Usyk,jab,NA,head,missed,comboPunch,no,no,8,00:33,
Joshua,jab,NA,head,missed,soloPunch,no,no,8,00:32,
Usyk,powerpunch,cross,head,landed,comboPunch,counterhit,no,8,00:32,
Usyk,powerpunch,hook,head,missed,comboPunch,no,no,8,00:32,
Joshua,jab,NA,body,landed,soloPunch,no,no,8,00:25,
Usyk,jab,NA,head,missed,comboPunch,no,no,8,00:24,
Usyk,jab,NA,head,missed,comboPunch,no,no,8,00:24,
Usyk,powerpunch,cross,head,landed,comboPunch,no,no,8,00:24,
Usyk,powerpunch,hook,head,missed,comboPunch,no,no,8,00:24,
Joshua,powerpunch,hook,head,landed,comboPunch,no,no,8,00:23,
Joshua,jab,NA,head,missed,soloPunch,no,no,8,00:21,
Usyk,jab,NA,head,missed,comboPunch,no,no,8,00:20,
Usyk,jab,NA,head,landed,comboPunch,no,no,8,00:20,
Usyk,powerpunch,hook,head,landed,comboPunch,no,no,8,00:20,
Usyk,powerpunch,hook,head,landed,comboPunch,no,no,8,00:20,
Usyk,jab,NA,head,landed,comboPunch,no,no,8,00:19,
Usyk,powerpunch,cross,head,missed,soloPunch,no,no,8,00:15,
Usyk,jab,NA,head,landed,comboPunch,no,no,8,00:15,
Usyk,jab,NA,body,landed,comboPunch,no,no,8,00:15,
Usyk,powerpunch,hook,body,landed,comboPunch,no,no,8,00:14,
Joshua,jab,NA,body,missed,comboPunch,no,no,8,00:13,
Joshua,jab,NA,head,missed,comboPunch,no,no,8,00:13,
Usyk,jab,NA,head,landed,soloPunch,no,no,8,00:09,
Joshua,powerpunch,uppercut,body,landed,soloPunch,no,no,8,00:08,
Joshua,powerpunch,hook,body,landed,comboPunch,no,no,8,00:07,lowblow
Joshua,powerpunch,cross,body,missed,comboPunch,no,no,8,00:05,
Usyk,jab,NA,head,missed,comboPunch,no,no,8,00:03,
Usyk,powerpunch,hook,head,missed,comboPunch,no,no,8,00:03,
Usyk,jab,NA,body,missed,soloPunch,no,no,8,00:02,
Usyk,jab,NA,head,missed,comboPunch,no,no,8,00:01,
Usyk,powerpunch,cross,body,missed,comboPunch,no,no,8,00:01,
Joshua,powerpunch,uppercut,head,missed,soloPunch,no,no,8,00:01,
Usyk,jab,NA,head,missed,soloPunch,no,no,9,02:58,
Usyk,jab,NA,head,missed,comboPunch,no,no,9,02:55,
Usyk,jab,NA,head,missed,comboPunch,no,no,9,02:55,
Usyk,jab,NA,head,landed,comboPunch,no,no,9,02:55,
Usyk,powerpunch,hook,head,landed,comboPunch,no,no,9,02:55,
Usyk,jab,NA,head,landed,comboPunch,no,no,9,02:55,
Usyk,powerpunch,cross,body,missed,comboPunch,no,no,9,02:54,
Usyk,jab,NA,head,missed,comboPunch,no,no,9,02:54,
Joshua,jab,NA,head,missed,comboPunch,no,no,9,02:51,
Joshua,jab,NA,body,missed,comboPunch,no,no,9,02:51,
Joshua,jab,NA,head,missed,soloPunch,no,no,9,02:49,
Joshua,jab,NA,head,landed,soloPunch,no,no,9,02:47,
Joshua,jab,NA,head,missed,soloPunch,no,no,9,02:45,
Joshua,jab,NA,head,missed,comboPunch,no,no,9,02:43,
Joshua,powerpunch,hook,head,landed,comboPunch,no,no,9,02:43,
Usyk,jab,NA,head,missed,comboPunch,no,no,9,02:38,
Usyk,jab,NA,head,landed,comboPunch,no,no,9,02:28,
Usyk,powerpunch,hook,head,missed,comboPunch,no,no,9,02:37,
Joshua,jab,NA,head,missed,soloPunch,no,no,9,02:35,
Usyk,jab,NA,body,missed,comboPunch,no,no,9,02:35,
Usyk,powerpunch,hook,body,missed,comboPunch,no,no,9,02:35,
Usyk,jab,NA,head,landed,soloPunch,no,no,9,02:32,
Joshua,jab,NA,head,missed,comboPunch,no,no,9,02:29,
Joshua,powerpunch,uppercut,body,landed,comboPunch,no,no,9,02:29,
Joshua,powerpunch,hook,body,landed,comboPunch,no,no,9,02:29,
Joshua,powerpunch,uppercut,body,landed,comboPunch,no,no,9,02:29,
Joshua,hold,NA,NA,NA,NA,no,no,9,02:28,
Usyk,jab,NA,head,missed,soloPunch,no,no,9,02:24,
Joshua,powerpunch,hook,head,landed,soloPunch,no,no,9,02:24,
Usyk,jab,NA,head,missed,soloPunch,no,no,9,02:18,
Usyk,powerpunch,hook,head,missed,soloPunch,no,no,9,02:17,
Joshua,jab,NA,head,landed,soloPunch,no,no,9,02:15,
Usyk,jab,NA,head,missed,soloPunch,no,no,9,02:14,
Usyk,jab,NA,head,missed,comboPunch,no,no,9,02:12,
Usyk,jab,NA,head,missed,comboPunch,no,no,9,02:12,
Usyk,powerpunch,cross,head,landed,soloPunch,no,no,9,02:10,
Usyk,jab,NA,head,missed,comboPunch,no,no,9,02:06,
Usyk,jab,NA,head,landed,comboPunch,no,no,9,02:06,
Usyk,powerpunch,cross,head,landed,comboPunch,no,no,9,02:06,
Usyk,jab,NA,head,landed,soloPunch,no,no,9,02:03,
Joshua,powerpunch,hook,body,landed,soloPunch,no,no,9,02:03,
Usyk,jab,NA,head,landed,soloPunch,no,no,9,02:03,
Joshua,jab,NA,head,missed,soloPunch,no,no,9,02:01,
Joshua,jab,NA,head,missed,soloPunch,no,no,9,01:58,
Usyk,powerpunch,hook,head,missed,soloPunch,no,no,9,01:58,
Joshua,powerpunch,uppercut,body,landed,soloPunch,no,no,9,01:58,lowblow
Joshua,hold,NA,NA,NA,NA,no,no,9,01:57,
Joshua,jab,NA,head,landed,soloPunch,no,no,9,01:54,
Joshua,jab,NA,head,missed,soloPunch,no,no,9,01:50,
Usyk,jab,NA,head,missed,soloPunch,no,no,9,01:50,
Usyk,powerpunch,uppercut,body,landed,comboPunch,no,no,9,01:50,
Usyk,powerpunch,hook,body,missed,comboPunch,no,no,9,01:50,
Usyk,jab,NA,head,missed,comboPunch,no,no,9,01:47,
Usyk,jab,NA,head,landed,comboPunch,no,no,9,01:47,
Joshua,jab,NA,head,landed,soloPunch,no,no,9,01:45,
Joshua,jab,NA,head,missed,comboPunch,no,no,9,01:41,
Joshua,powerpunch,cross,head,missed,comboPunch,no,no,9,01:41,
Usyk,jab,NA,body,landed,soloPunch,no,no,9,01:41,
Usyk,jab,NA,body,missed,soloPunch,no,no,9,01:39,
Usyk,jab,NA,head,missed,comboPunch,no,no,9,01:37,
Usyk,jab,NA,head,missed,comboPunch,no,no,9,01:37,
Usyk,powerpunch,hook,head,landed,soloPunch,no,no,9,01:36,
Joshua,powerpunch,hook,body,landed,soloPunch,no,no,9,01:36,
Joshua,jab,NA,head,landed,soloPunch,no,no,9,01:34,
Usyk,jab,NA,head,missed,soloPunch,no,no,9,01:34,
Usyk,jab,NA,head,missed,comboPunch,no,no,9,01:31,
Usyk,jab,NA,head,missed,comboPunch,no,no,9,01:31,
Joshua,jab,NA,head,missed,soloPunch,no,no,9,01:28,
Usyk,jab,NA,head,landed,soloPunch,no,no,9,01:28,
Usyk,jab,NA,head,missed,soloPunch,no,no,9,01:26,
Joshua,powerpunch,hook,head,landed,soloPunch,no,no,9,01:26,
Joshua,powerpunch,hook,head,landed,soloPunch,no,no,9,01:26,
Joshua,powerpunch,hook,head,missed,soloPunch,no,no,9,01:25,
Joshua,hold,NA,NA,NA,NA,no,no,9,01:24,
Usyk,jab,NA,head,landed,comboPunch,no,no,9,01:19,
Usyk,powerpunch,cross,head,missed,comboPunch,no,no,9,01:19,
Usyk,powerpunch,hook,body,missed,comboPunch,no,no,9,01:19,
Usyk,jab,NA,head,missed,comboPunch,no,no,9,01:16,
Usyk,jab,NA,head,landed,comboPunch,no,no,9,01:16,
Joshua,powerpunch,hook,body,landed,comboPunch,no,no,9,01:16,
Joshua,powerpunch,hook,head,missed,comboPunch,no,no,9,01:16,
Usyk,powerpunch,hook,body,missed,soloPunch,no,no,9,01:15,
Joshua,hold,NA,NA,NA,NA,no,no,9,01:15,hammerfist
Joshua,powerpunch,uppercut,head,landed,comboPunch,no,no,9,01:14,
Joshua,powerpunch,hook,head,missed,comboPunch,no,no,9,01:14,
Joshua,powerpunch,uppercut,head,landed,comboPunch,no,no,9,01:13,
Joshua,powerpunch,hook,head,missed,comboPunch,no,no,9,01:13,
Joshua,powerpunch,hook,head,missed,soloPunch,no,no,9,01:12,
Joshua,powerpunch,uppercut,head,missed,soloPunch,no,no,9,01:12,
Joshua,jab,NA,head,landed,soloPunch,no,no,9,01:09,
Joshua,jab,NA,head,missed,comboPunch,no,no,9,01:07,
Joshua,powerpunch,cross,head,missed,comboPunch,no,no,9,01:07,
Joshua,powerpunch,cross,head,landed,comboPunch,no,no,9,01:07,
Joshua,hold,NA,NA,NA,NA,no,no,9,01:06,hammerfist
Joshua,powerpunch,uppercut,head,missed,soloPunch,no,no,9,01:06,
Joshua,powerpunch,hook,body,landed,soloPunch,no,no,9,01:03,
Joshua,powerpunch,hook,head,missed,soloPunch,no,no,9,01:02,
Joshua,jab,NA,head,missed,comboPunch,no,no,9,00:56,
Joshua,powerpunch,cross,head,missed,comboPunch,no,no,9,00:56,
Joshua,powerpunch,hook,body,missed,comboPunch,no,no,9,00:55,
Joshua,powerpunch,hook,body,landed,comboPunch,no,no,9,00:54,
Joshua,powerpunch,uppercut,body,missed,comboPunch,no,no,9,00:54,
Joshua,powerpunch,hook,head,missed,comboPunch,no,no,9,00:52,
Joshua,powerpunch,uppercut,head,landed,comboPunch,no,no,9,00:52,
Joshua,powerpunch,hook,head,missed,comboPunch,no,no,9,00:52,
Joshua,powerpunch,uppercut,head,missed,comboPunch,no,no,9,00:51,
Joshua,jab,NA,head,missed,comboPunch,no,no,9,00:50,
Joshua,powerpunch,hook,head,missed,comboPunch,no,no,9,00:50,
Joshua,jab,NA,head,landed,comboPunch,no,no,9,00:49,
Joshua,powerpunch,cross,head,landed,comboPunch,no,no,9,00:49,
Joshua,hold,NA,NA,NA,NA,no,no,9,00:47,
Usyk,jab,NA,head,landed,soloPunch,no,no,9,00:38,
Usyk,jab,NA,head,missed,soloPunch,no,no,9,00:36,
Joshua,powerpunch,hook,head,landed,comboPunch,no,no,9,00:36,
Joshua,powerpunch,uppercut,head,landed,comboPunch,no,no,9,00:35,
Joshua,powerpunch,hook,head,missed,comboPunch,no,no,9,00:34,
Usyk,jab,NA,body,missed,soloPunch,no,no,9,00:32,
Joshua,powerpunch,uppercut,body,landed,comboPunch,no,no,9,00:32,
Joshua,powerpunch,hook,head,missed,comboPunch,no,no,9,00:31,
Usyk,jab,NA,body,missed,soloPunch,no,no,9,00:27,
Joshua,powerpunch,hook,head,landed,comboPunch,no,no,9,00:21,
Joshua,powerpunch,hook,head,missed,comboPunch,no,no,9,00:21,
Usyk,jab,NA,head,missed,comboPunch,no,no,9,00:18,
Usyk,jab,NA,head,missed,comboPunch,no,no,9,00:18,
Usyk,jab,NA,head,landed,soloPunch,no,no,9,00:15,
Joshua,jab,NA,body,missed,soloPunch,no,no,9,00:14,
Usyk,jab,NA,head,landed,soloPunch,no,no,9,00:14,
Joshua,jab,NA,head,landed,soloPunch,no,no,9,00:10,
Usyk,jab,NA,head,missed,soloPunch,no,no,9,00:09,
Joshua,jab,NA,head,missed,soloPunch,no,no,9,00:09,
Usyk,powerpunch,hook,body,missed,soloPunch,no,no,9,00:08,
Joshua,powerpunch,hook,head,missed,soloPunch,no,no,9,00:07,
Joshua,hold,NA,NA,NA,NA,no,no,9,00:05,
Usyk,powerpunch,hook,body,landed,soloPunch,no,no,9,00:03,lowblow
Joshua,powerpunch,uppercut,body,landed,soloPunch,no,no,9,00:02,
Usyk,jab,NA,head,landed,soloPunch,no,no,9,00:02,
Usyk,jab,NA,head,missed,comboPunch,no,no,9,00:01,
Usyk,powerpunch,cross,head,missed,comboPunch,no,no,9,00:01,
Usyk,powerpunch,hook,head,missed,comboPunch,no,no,9,00:01,
Joshua,powerpunch,cross,head,missed,soloPunch,no,no,9,00:01,
Usyk,jab,NA,head,missed,soloPunch,no,no,10,02:54,
Joshua,jab,NA,head,missed,comboPunch,no,no,10,02:53,
Joshua,jab,NA,head,landed,comboPunch,no,no,10,02:53,
Usyk,jab,NA,head,missed,soloPunch,no,no,10,02:53,
Joshua,jab,NA,head,missed,soloPunch,no,no,10,02:52,
Usyk,jab,NA,head,landed,soloPunch,no,no,10,02:52,
Usyk,jab,NA,head,missed,soloPunch,no,no,10,02:50,
Usyk,jab,NA,head,missed,comboPunch,no,no,10,02:48,
Usyk,jab,NA,head,missed,comboPunch,no,no,10,02:48,
Usyk,jab,NA,head,missed,soloPunch,no,no,10,02:47,
Usyk,jab,NA,head,landed,comboPunch,no,no,10,02:46,
Usyk,powerpunch,cross,head,landed,comboPunch,no,no,10,02:46,
Usyk,jab,NA,head,missed,comboPunch,no,no,10,02:46,
Usyk,jab,NA,head,missed,comboPunch,no,no,10,02:45,
Usyk,powerpunch,cross,head,missed,comboPunch,no,no,10,02:45,
Usyk,powerpunch,hook,head,missed,comboPunch,no,no,10,02:44,
Usyk,jab,NA,head,landed,soloPunch,no,no,10,02:42,
Joshua,jab,NA,head,missed,soloPunch,no,no,10,02:41,
Usyk,powerpunch,cross,body,landed,soloPunch,counterhit,no,10,02:41,
Usyk,jab,NA,head,missed,soloPunch,no,no,10,02:40,
Joshua,jab,NA,head,missed,soloPunch,no,no,10,02:39,
Joshua,powerpunch,uppercut,body,landed,soloPunch,no,no,10,02:37,
Usyk,jab,NA,head,landed,soloPunch,no,no,10,02:37,
Usyk,powerpunch,hook,head,landed,soloPunch,no,no,10,02:33,
Joshua,powerpunch,hook,head,missed,soloPunch,no,no,10,02:33,
Joshua,powerpunch,hook,head,missed,soloPunch,no,no,10,02:32,
Usyk,powerpunch,hook,head,landed,comboPunch,no,no,10,02:30,
Usyk,powerpunch,hook,head,missed,comboPunch,no,no,10,02:30,
Usyk,powerpunch,uppercut,head,landed,comboPunch,no,no,10,02:29,
Joshua,jab,NA,head,landed,soloPunch,no,no,10,02:29,
Usyk,powerpunch,hook,head,missed,soloPunch,no,no,10,02:29,
Joshua,jab,NA,head,landed,soloPunch,no,no,10,02:25,
Usyk,jab,NA,head,missed,soloPunch,no,no,10,02:24,
Joshua,jab,NA,head,missed,soloPunch,no,no,10,02:21,
Usyk,powerpunch,hook,head,landed,soloPunch,no,no,10,02:21,
Joshua,powerpunch,uppercut,head,landed,soloPunch,no,no,10,02:21,
Usyk,jab,NA,head,landed,comboPunch,no,no,10,02:20,
Usyk,powerpunch,hook,head,landed,comboPunch,no,no,10,02:20,
Usyk,powerpunch,hook,head,landed,comboPunch,no,no,10,02:19,
Usyk,powerpunch,hook,head,missed,comboPunch,no,no,10,02:19,
Usyk,powerpunch,hook,head,landed,comboPunch,no,no,10,02:18,
Usyk,jab,NA,body,missed,comboPunch,no,no,10,02:18,
Usyk,powerpunch,hook,head,missed,comboPunch,no,no,10,02:17,
Usyk,powerpunch,hook,head,landed,comboPunch,no,no,10,02:17,
Usyk,powerpunch,hook,head,landed,comboPunch,no,no,10,02:16,
Usyk,powerpunch,hook,head,landed,comboPunch,no,no,10,02:16,
Usyk,powerpunch,hook,head,missed,comboPunch,no,no,10,02:15,
Usyk,jab,NA,head,missed,comboPunch,no,no,10,02:10,
Usyk,jab,NA,head,landed,comboPunch,no,no,10,02:10,
Usyk,powerpunch,hook,head,landed,comboPunch,no,no,10,02:09,
Usyk,jab,NA,head,landed,comboPunch,no,no,10,02:08,
Usyk,jab,NA,head,missed,comboPunch,no,no,10,02:05,
Usyk,powerpunch,hook,head,landed,comboPunch,no,no,10,02:05,
Usyk,powerpunch,hook,head,missed,comboPunch,no,no,10,02:04,
Usyk,jab,NA,head,missed,comboPunch,no,no,10,02:03,
Usyk,jab,NA,head,landed,comboPunch,no,no,10,02:01,
Usyk,powerpunch,uppercut,head,missed,comboPunch,no,no,10,02:01,
Usyk,powerpunch,hook,head,landed,comboPunch,no,no,10,02:01,
Usyk,jab,NA,head,landed,comboPunch,no,no,10,02:00,
Usyk,jab,NA,head,landed,comboPunch,no,no,10,02:00,
Usyk,powerpunch,cross,head,landed,comboPunch,no,no,10,02:00,
Usyk,powerpunch,hook,head,landed,comboPunch,no,no,10,01:59,
Joshua,jab,NA,head,missed,soloPunch,no,no,10,01:56,
Usyk,jab,NA,head,missed,soloPunch,no,no,10,01:56,
Usyk,jab,NA,head,landed,soloPunch,no,no,10,01:53,
Usyk,jab,NA,head,missed,soloPunch,no,no,10,01:52,
Usyk,jab,NA,head,landed,comboPunch,no,no,10,01:49,
Usyk,jab,NA,head,landed,comboPunch,no,no,10,01:49,
Joshua,jab,NA,head,missed,soloPunch,no,no,10,01:47,
Usyk,powerpunch,hook,head,landed,comboPunch,no,no,10,01:45,
Usyk,powerpunch,hook,body,landed,comboPunch,no,no,10,01:44,
Joshua,jab,NA,head,landed,soloPunch,no,no,10,01:41,
Usyk,jab,NA,head,landed,soloPunch,no,no,10,01:41,
Usyk,jab,NA,head,missed,comboPunch,no,no,10,01:40,
Usyk,jab,NA,head,missed,comboPunch,no,no,10,01:40,
Usyk,powerpunch,cross,head,missed,comboPunch,no,no,10,01:40,
Usyk,powerpunch,hook,body,missed,comboPunch,no,no,10,01:39,
Joshua,powerpunch,cross,head,landed,soloPunch,no,no,10,01:39,
Joshua,powerpunch,cross,head,landed,soloPunch,no,no,10,01:37,
Joshua,powerpunch,hook,body,missed,soloPunch,no,no,10,01:36,
Usyk,powerpunch,hook,head,missed,soloPunch,no,no,10,01:36,
Joshua,powerpunch,cross,body,landed,soloPunch,no,no,10,01:35,
Joshua,powerpunch,uppercut,body,landed,soloPunch,no,no,10,01:35,
Joshua,hold,NA,NA,NA,NA,no,no,10,01:34,
Usyk,jab,NA,head,missed,soloPunch,no,no,10,01:25,
Usyk,jab,NA,head,landed,comboPunch,no,no,10,01:24,
Usyk,jab,NA,head,missed,comboPunch,no,no,10,01:24,
Joshua,powerpunch,hook,head,landed,comboPunch,no,no,10,01:23,
Usyk,jab,NA,head,landed,comboPunch,no,no,10,01:18,
Usyk,jab,NA,head,missed,comboPunch,no,no,10,01:18,
Usyk,powerpunch,hook,head,landed,comboPunch,no,no,10,01:18,
Usyk,jab,NA,head,missed,soloPunch,no,no,10,01:14,
Joshua,powerpunch,cross,head,landed,soloPunch,no,no,10,01:14,
Usyk,powerpunch,hook,head,landed,soloPunch,no,no,10,01:14,
Usyk,powerpunch,uppercut,head,missed,soloPunch,no,no,10,01:14,
Usyk,jab,NA,head,missed,comboPunch,no,no,10,01:10,
Usyk,jab,NA,head,missed,comboPunch,no,no,10,01:10,
Usyk,powerpunch,cross,head,missed,comboPunch,no,no,10,01:10,
Usyk,powerpunch,hook,head,missed,comboPunch,no,no,10,01:10,
Joshua,powerpunch,cross,body,landed,soloPunch,no,no,10,01:09,
Joshua,jab,NA,head,missed,soloPunch,no,no,10,01:08,
Usyk,jab,NA,head,landed,comboPunch,no,no,10,01:07,
Usyk,powerpunch,cross,head,missed,comboPunch,no,no,10,01:07,
Joshua,jab,NA,body,missed,soloPunch,no,no,10,01:03,
Usyk,powerpunch,uppercut,head,landed,comboPunch,no,no,10,01:03,
Usyk,powerpunch,hook,head,landed,comboPunch,no,no,10,01:03,
Joshua,jab,NA,head,missed,soloPunch,no,no,10,01:00,
Joshua,jab,NA,head,missed,soloPunch,no,no,10,00:56,
Usyk,jab,NA,head,missed,comboPunch,no,no,10,00:55,
Usyk,jab,NA,head,landed,comboPunch,no,no,10,00:55,
Usyk,powerpunch,cross,head,missed,comboPunch,no,no,10,00:55,
Usyk,powerpunch,hook,head,landed,comboPunch,no,no,10,00:55,
Usyk,powerpunch,cross,head,missed,comboPunch,no,no,10,00:55,
Usyk,powerpunch,hook,head,landed,comboPunch,no,no,10,00:54,
Usyk,powerpunch,hook,head,landed,comboPunch,no,no,10,00:52,
Usyk,powerpunch,cross,head,landed,comboPunch,no,no,10,00:52,
Usyk,powerpunch,hook,head,missed,comboPunch,no,no,10,00:51,
Usyk,powerpunch,cross,head,missed,soloPunch,no,no,10,00:49,
Usyk,jab,NA,head,missed,comboPunch,no,no,10,00:48,
Usyk,powerpunch,hook,head,missed,comboPunch,no,no,10,00:48,
Usyk,jab,NA,head,missed,comboPunch,no,no,10,00:47,
Usyk,jab,NA,head,missed,comboPunch,no,no,10,00:43,
Usyk,jab,NA,head,missed,comboPunch,no,no,10,00:43,
Usyk,jab,NA,head,missed,comboPunch,no,no,10,00:40,
Usyk,jab,NA,head,landed,comboPunch,no,no,10,00:40,
Usyk,powerpunch,cross,head,landed,comboPunch,no,no,10,00:39,
Usyk,jab,NA,head,landed,soloPunch,no,no,10,00:33,
Usyk,jab,NA,head,landed,soloPunch,no,no,10,00:31,
Usyk,powerpunch,hook,head,landed,comboPunch,no,no,10,00:28,
Usyk,powerpunch,cross,head,missed,comboPunch,no,no,10,00:27,
Usyk,powerpunch,uppercut,head,missed,comboPunch,no,no,10,00:27,
Joshua,powerpunch,cross,head,landed,comboPunch,no,no,10,00:25,
Usyk,jab,NA,head,landed,soloPunch,no,no,10,00:20,
Usyk,powerpunch,hook,head,landed,comboPunch,no,no,10,00:19,
Usyk,jab,NA,head,landed,comboPunch,no,no,10,00:19,
Joshua,powerpunch,hook,head,missed,soloPunch,no,no,10,00:16,
Usyk,powerpunch,uppercut,head,missed,comboPunch,no,no,10,00:15,
Usyk,powerpunch,hook,head,landed,comboPunch,no,no,10,00:15,
Joshua,powerpunch,hook,head,missed,soloPunch,no,no,10,00:14,
Usyk,jab,NA,head,landed,comboPunch,no,no,10,00:14,
Usyk,jab,NA,head,landed,comboPunch,no,no,10,00:13,
Usyk,powerpunch,cross,head,landed,comboPunch,no,no,10,00:13,
Usyk,powerpunch,hook,head,landed,comboPunch,no,no,10,00:13,
Usyk,jab,NA,head,landed,comboPunch,no,no,10,00:12,
Usyk,powerpunch,cross,head,landed,comboPunch,no,no,10,00:12,
Usyk,jab,NA,head,missed,comboPunch,no,no,10,00:11,
Usyk,powerpunch,hook,head,landed,comboPunch,no,no,10,00:11,
Usyk,jab,NA,head,missed,comboPunch,no,no,10,00:11,
Usyk,jab,NA,body,landed,comboPunch,no,no,10,00:10,
Usyk,powerpunch,uppercut,body,landed,comboPunch,no,no,10,00:09,
Usyk,powerpunch,hook,head,landed,comboPunch,no,no,10,00:08,
Joshua,powerpunch,cross,head,landed,soloPunch,no,no,10,00:07,
Usyk,jab,NA,head,missed,soloPunch,no,no,10,00:05,
Usyk,jab,NA,head,landed,soloPunch,no,no,10,00:04,
Joshua,powerpunch,cross,head,landed,soloPunch,no,no,10,00:03,
Joshua,jab,NA,body,landed,soloPunch,no,no,11,02:58,
Usyk,jab,NA,head,missed,soloPunch,no,no,11,02:58,
Usyk,jab,NA,head,missed,comboPunch,no,no,11,02:56,
Usyk,jab,NA,head,missed,comboPunch,no,no,11,02:56,
Usyk,powerpunch,hook,head,missed,comboPunch,no,no,11,02:56,
Usyk,jab,NA,head,missed,comboPunch,no,no,11,02:55,
Usyk,powerpunch,cross,head,missed,comboPunch,no,no,11,02:55,
Usyk,powerpunch,hook,head,missed,comboPunch,no,no,11,02:55,
Usyk,jab,NA,head,landed,comboPunch,no,no,11,02:52,
Usyk,jab,NA,head,landed,comboPunch,no,no,11,02:52,
Usyk,jab,NA,body,missed,soloPunch,no,no,11,02:50,
Joshua,jab,NA,head,missed,soloPunch,no,no,11,02:50,
Joshua,jab,NA,head,missed,soloPunch,no,no,11,02:45,
Joshua,jab,NA,head,missed,comboPunch,no,no,11,02:42,
Joshua,jab,NA,head,missed,comboPunch,no,no,11,02:42,
Usyk,powerpunch,cross,head,missed,soloPunch,no,no,11,02:42,
Usyk,powerpunch,cross,head,landed,soloPunch,no,no,11,02:40,
Usyk,powerpunch,cross,head,landed,soloPunch,no,no,11,02:39,
Joshua,jab,NA,head,missed,soloPunch,no,no,11,02:38,
Usyk,jab,NA,head,missed,soloPunch,no,no,11,02:37,
Joshua,jab,NA,head,missed,soloPunch,no,no,11,02:36,
Usyk,jab,NA,head,missed,comboPunch,no,no,11,02:36,
Usyk,jab,NA,head,missed,comboPunch,no,no,11,02:35,
Joshua,powerpunch,cross,body,missed,soloPunch,no,no,11,02:35,
Usyk,jab,NA,head,landed,comboPunch,no,no,11,02:34,
Usyk,powerpunch,hook,head,missed,comboPunch,no,no,11,02:34,
Joshua,powerpunch,hook,body,landed,comboPunch,no,no,11,02:34,
Joshua,powerpunch,uppercut,head,missed,comboPunch,no,no,11,02:33,
Joshua,jab,NA,head,missed,soloPunch,no,no,11,02:28,
Usyk,jab,NA,body,missed,soloPunch,no,no,11,02:26,
Joshua,jab,NA,head,missed,soloPunch,no,no,11,02:20,
Usyk,jab,NA,head,landed,comboPunch,no,no,11,02:20,
Usyk,powerpunch,cross,head,missed,comboPunch,no,no,11,02:20,
Usyk,jab,NA,head,missed,comboPunch,no,no,11,02:20,
Usyk,powerpunch,hook,head,missed,comboPunch,no,no,11,02:19,
Usyk,jab,NA,head,missed,comboPunch,no,no,11,02:16,
Usyk,jab,NA,head,missed,comboPunch,no,no,11,02:16,
Joshua,jab,NA,head,landed,soloPunch,no,no,11,02:14,
Usyk,jab,NA,head,landed,soloPunch,no,no,11,02:14,
Joshua,powerpunch,uppercut,body,landed,comboPunch,no,no,11,02:06,
Joshua,powerpunch,uppercut,body,landed,comboPunch,no,no,11,02:06,
Joshua,jab,NA,head,missed,soloPunch,no,no,11,02:04,
Usyk,jab,NA,head,landed,soloPunch,no,no,11,02:04,
Usyk,powerpunch,cross,head,landed,comboPunch,no,no,11,02:03,
Usyk,jab,NA,head,missed,comboPunch,no,no,11,02:02,
Usyk,powerpunch,uppercut,body,landed,comboPunch,no,no,11,02:02,
Usyk,powerpunch,cross,head,missed,soloPunch,no,no,11,01:58,
Usyk,jab,NA,head,missed,comboPunch,no,no,11,01:55,
Usyk,jab,NA,head,landed,comboPunch,no,no,11,01:55,
Usyk,jab,NA,head,missed,comboPunch,no,no,11,01:52,
Usyk,jab,NA,head,missed,comboPunch,no,no,11,01:52,
Usyk,powerpunch,cross,head,landed,soloPunch,no,no,11,01:51,
Usyk,powerpunch,hook,head,landed,soloPunch,no,no,11,01:50,
Usyk,powerpunch,uppercut,head,missed,soloPunch,no,no,11,01:48,
Joshua,jab,NA,head,missed,soloPunch,no,no,11,01:48,
Joshua,powerpunch,uppercut,head,missed,soloPunch,no,no,11,01:46,
Joshua,powerpunch,hook,head,missed,soloPunch,no,no,11,01:46,
Usyk,jab,NA,head,missed,comboPunch,no,no,11,01:42,
Usyk,jab,NA,head,missed,comboPunch,no,no,11,01:42,
Usyk,powerpunch,cross,head,missed,comboPunch,no,no,11,01:42,
Usyk,powerpunch,hook,body,missed,comboPunch,no,no,11,01:42,
Usyk,jab,NA,head,missed,soloPunch,no,no,11,01:42,
Joshua,jab,NA,head,missed,comboPunch,no,no,11,01:38,
Joshua,powerpunch,hook,body,landed,comboPunch,no,no,11,01:38,
Joshua,powerpunch,hook,head,landed,soloPunch,no,no,11,01:37,
Joshua,powerpunch,hook,body,landed,comboPunch,no,no,11,01:36,
Joshua,powerpunch,hook,body,landed,comboPunch,no,no,11,01:36,
Joshua,hold,NA,NA,NA,NA,no,no,11,01:35,
Joshua,jab,NA,head,landed,soloPunch,no,no,11,01:27,
Usyk,jab,NA,head,landed,comboPunch,no,no,11,01:25,
Usyk,jab,NA,head,missed,comboPunch,no,no,11,01:25,
Usyk,powerpunch,cross,head,missed,comboPunch,no,no,11,01:25,
Usyk,powerpunch,hook,head,landed,comboPunch,no,no,11,01:25,
Usyk,jab,NA,head,missed,soloPunch,no,no,11,01:23,
Usyk,jab,NA,head,landed,comboPunch,no,no,11,01:20,
Usyk,powerpunch,cross,head,missed,comboPunch,no,no,11,01:20,
Usyk,powerpunch,hook,head,missed,comboPunch,no,no,11,01:20,
Usyk,jab,NA,body,landed,soloPunch,no,no,11,01:18,
Joshua,powerpunch,uppercut,head,missed,soloPunch,no,no,11,01:15,
Usyk,jab,NA,head,landed,comboPunch,no,no,11,01:14,
Usyk,powerpunch,hook,head,landed,comboPunch,no,no,11,01:14,
Joshua,powerpunch,hook,head,missed,soloPunch,no,no,11,01:12,
Usyk,jab,NA,head,landed,comboPunch,no,no,11,01:08,
Usyk,powerpunch,hook,head,landed,comboPunch,no,no,11,01:08,
Usyk,powerpunch,hook,head,landed,comboPunch,no,no,11,01:08,
Joshua,powerpunch,uppercut,body,landed,comboPunch,no,no,11,01:07,
Joshua,powerpunch,hook,head,missed,comboPunch,no,no,11,01:06,
Joshua,powerpunch,hook,head,landed,comboPunch,no,no,11,01:06,
Joshua,hold,NA,NA,NA,NA,no,no,11,01:05,
Usyk,jab,NA,head,missed,comboPunch,no,no,11,00:56,
Usyk,jab,NA,head,landed,comboPunch,no,no,11,00:56,
Usyk,jab,NA,head,missed,soloPunch,no,no,11,00:54,
Joshua,jab,NA,head,landed,soloPunch,no,no,11,00:51,
Usyk,jab,NA,head,landed,soloPunch,no,no,11,00:51,
Usyk,powerpunch,hook,body,missed,soloPunch,no,no,11,00:50,
Usyk,jab,NA,head,landed,comboPunch,no,no,11,00:50,
Usyk,jab,NA,head,landed,comboPunch,no,no,11,00:50,
Usyk,powerpunch,hook,head,landed,comboPunch,no,no,11,00:49,
Usyk,jab,NA,head,missed,comboPunch,no,no,11,00:43,
Usyk,powerpunch,cross,head,missed,comboPunch,no,no,11,00:43,
Usyk,jab,NA,head,landed,comboPunch,no,no,11,00:43,
Usyk,powerpunch,cross,head,landed,comboPunch,no,no,11,00:43,
Usyk,powerpunch,uppercut,head,landed,soloPunch,no,no,11,00:41,
Usyk,jab,NA,head,missed,comboPunch,no,no,11,00:38,
Usyk,jab,NA,head,landed,comboPunch,no,no,11,00:38,
Usyk,powerpunch,cross,head,missed,comboPunch,no,no,11,00:38,
Joshua,jab,NA,head,landed,comboPunch,no,no,11,00:37,
Joshua,jab,NA,head,missed,comboPunch,no,no,11,00:37,
Joshua,powerpunch,hook,head,missed,comboPunch,no,no,11,00:37,
Usyk,jab,NA,head,missed,comboPunch,no,no,11,00:37,
Usyk,powerpunch,cross,head,missed,comboPunch,no,no,11,00:36,
Joshua,jab,NA,head,missed,soloPunch,no,no,11,00:36,
Joshua,jab,NA,body,missed,comboPunch,no,no,11,00:35,
Joshua,powerpunch,hook,head,missed,comboPunch,no,no,11,00:34,
Joshua,powerpunch,uppercut,head,missed,comboPunch,no,no,11,00:34,
Usyk,powerpunch,cross,head,missed,soloPunch,no,no,11,00:33,
Usyk,jab,NA,head,landed,comboPunch,no,no,11,00:33,
Usyk,jab,NA,head,missed,comboPunch,no,no,11,00:33,
Joshua,jab,NA,head,landed,comboPunch,no,no,11,00:31,
Joshua,powerpunch,cross,head,missed,comboPunch,no,no,11,00:31,
Joshua,powerpunch,hook,head,missed,comboPunch,no,no,11,00:31,
Usyk,jab,NA,head,landed,comboPunch,no,no,11,00:29,
Usyk,powerpunch,cross,head,missed,comboPunch,no,no,11,00:29,
Usyk,jab,NA,head,missed,soloPunch,no,no,11,00:26,
Joshua,powerpunch,cross,body,missed,soloPunch,no,no,11,00:25,
Usyk,jab,NA,head,missed,comboPunch,no,no,11,00:24,
Usyk,powerpunch,cross,head,missed,comboPunch,no,no,11,00:24,
Usyk,jab,NA,head,missed,soloPunch,no,no,11,00:22,
Joshua,powerpunch,cross,head,missed,soloPunch,no,no,11,00:22,
Usyk,powerpunch,hook,body,landed,soloPunch,counterhit,no,11,00:21,
Joshua,jab,NA,head,missed,soloPunch,no,no,11,00:19,
Usyk,jab,NA,head,landed,soloPunch,no,no,11,00:18,
Joshua,powerpunch,uppercut,body,missed,soloPunch,no,no,11,00:18,
Joshua,powerpunch,uppercut,body,missed,comboPunch,no,no,11,00:18,
Joshua,powerpunch,uppercut,body,landed,comboPunch,no,no,11,00:18,
Joshua,hold,NA,NA,NA,NA,no,no,11,00:17,
Joshua,jab,NA,head,missed,comboPunch,no,no,11,00:10,
Joshua,powerpunch,cross,head,missed,comboPunch,no,no,11,00:10,
Usyk,jab,NA,head,landed,comboPunch,no,no,11,00:09,
Usyk,powerpunch,cross,head,landed,comboPunch,no,no,11,00:08,
Usyk,powerpunch,hook,head,landed,comboPunch,no,no,11,00:07,
Usyk,powerpunch,uppercut,head,landed,soloPunch,no,no,11,00:04,
Joshua,jab,NA,head,landed,soloPunch,no,no,11,00:03,
Usyk,jab,NA,head,landed,soloPunch,no,no,12,02:53,
Joshua,jab,NA,head,landed,soloPunch,no,no,12,02:53,
Joshua,jab,NA,head,landed,comboPunch,no,no,12,02:41,
Joshua,powerpunch,hook,head,missed,comboPunch,no,no,12,02:41,
Joshua,powerpunch,cross,head,missed,soloPunch,no,no,12,02:39,
Joshua,hold,NA,NA,NA,NA,no,no,12,02:39,
Usyk,jab,NA,head,landed,soloPunch,no,no,12,02:37,
Usyk,jab,NA,head,missed,comboPunch,no,no,12,02:35,
Usyk,jab,NA,head,missed,comboPunch,no,no,12,02:35,
Usyk,jab,NA,head,missed,soloPunch,no,no,12,02:33,
Usyk,jab,NA,head,missed,comboPunch,no,no,12,02:32,
Usyk,powerpunch,cross,head,missed,comboPunch,no,no,12,02:32,
Usyk,jab,NA,head,missed,comboPunch,no,no,12,02:31,
Usyk,jab,NA,head,landed,comboPunch,no,no,12,02:31,
Joshua,powerpunch,hook,head,missed,soloPunch,no,no,12,02:31,
Usyk,powerpunch,hook,body,landed,soloPunch,no,no,12,02:30,
Joshua,hold,NA,NA,NA,NA,no,no,12,02:30,
Joshua,powerpunch,hook,body,landed,soloPunch,no,no,12,02:26,
Usyk,jab,NA,body,landed,comboPunch,no,no,12,02:26,
Usyk,jab,NA,head,landed,comboPunch,no,no,12,02:26,
Joshua,jab,NA,head,landed,soloPunch,no,no,12,02:21,
Usyk,jab,NA,head,missed,soloPunch,no,no,12,02:21,
Usyk,jab,NA,head,missed,comboPunch,no,no,12,02:19,
Usyk,powerpunch,hook,head,missed,comboPunch,no,no,12,02:19,
Usyk,jab,NA,head,landed,soloPunch,no,no,12,02:16,
Joshua,powerpunch,cross,head,missed,soloPunch,no,no,12,02:16,
Usyk,jab,NA,head,missed,comboPunch,no,no,12,02:15,
Usyk,powerpunch,cross,head,missed,comboPunch,no,no,12,02:15,
Usyk,powerpunch,hook,head,missed,comboPunch,no,no,12,02:15,
Joshua,powerpunch,cross,head,missed,soloPunch,no,no,12,02:14,
Usyk,powerpunch,hook,body,missed,soloPunch,no,no,12,02:14,
Usyk,jab,NA,head,missed,soloPunch,no,no,12,02:14,
Usyk,jab,NA,head,missed,comboPunch,no,no,12,02:09,
Usyk,powerpunch,cross,head,missed,comboPunch,no,no,12,02:09,
Usyk,jab,NA,head,missed,soloPunch,no,no,12,02:08,
Usyk,jab,NA,head,missed,soloPunch,no,no,12,02:07,
Joshua,jab,NA,head,missed,soloPunch,no,no,12,02:05,
Joshua,jab,NA,head,missed,soloPunch,no,no,12,02:04,
Joshua,powerpunch,cross,head,missed,soloPunch,no,no,12,02:01,
Usyk,jab,NA,head,landed,comboPunch,no,no,12,02:01,
Usyk,powerpunch,hook,head,landed,comboPunch,no,no,12,02:01,
Usyk,powerpunch,hook,head,landed,comboPunch,no,no,12,02:00,
Usyk,jab,NA,head,missed,soloPunch,no,no,12,01:57,
Joshua,powerpunch,hook,head,missed,soloPunch,no,no,12,01:57,
Usyk,powerpunch,hook,head,landed,soloPunch,no,no,12,01:56,
Joshua,jab,NA,head,missed,comboPunch,no,no,12,01:52,
Joshua,powerpunch,cross,head,missed,comboPunch,no,no,12,01:52,
Usyk,jab,NA,head,landed,comboPunch,no,no,12,01:52,
Usyk,powerpunch,cross,head,landed,comboPunch,no,no,12,01:51,
Usyk,powerpunch,hook,head,landed,comboPunch,no,no,12,01:51,
Usyk,powerpunch,cross,body,missed,soloPunch,no,no,12,01:49,
Joshua,jab,NA,body,missed,comboPunch,no,no,12,01:48,
Joshua,powerpunch,cross,head,missed,comboPunch,no,no,12,01:47,
Joshua,powerpunch,hook,head,landed,comboPunch,no,no,12,01:47,
Joshua,powerpunch,hook,head,landed,comboPunch,no,no,12,01:45,
Joshua,powerpunch,cross,head,landed,comboPunch,no,no,12,01:44,
Joshua,powerpunch,hook,body,landed,comboPunch,no,no,12,01:41,
Usyk,powerpunch,uppercut,body,landed,soloPunch,no,no,12,01:40,
Usyk,jab,NA,head,missed,soloPunch,no,no,12,01:39,
Usyk,jab,NA,head,missed,soloPunch,no,no,12,01:38,
Usyk,powerpunch,cross,head,missed,comboPunch,no,no,12,01:38,
Usyk,powerpunch,hook,head,missed,comboPunch,no,no,12,01:38,
Joshua,jab,NA,head,landed,soloPunch,no,no,12,01:35,
Usyk,jab,NA,head,landed,soloPunch,no,no,12,01:35,
Joshua,powerpunch,cross,head,missed,soloPunch,no,no,12,01:34,
Joshua,hold,NA,NA,NA,NA,no,no,12,01:33,
Joshua,jab,NA,head,missed,soloPunch,no,no,12,01:24,
Usyk,jab,NA,head,landed,soloPunch,no,no,12,01:24,
Usyk,powerpunch,hook,head,missed,soloPunch,no,no,12,01:23,
Usyk,jab,NA,head,landed,soloPunch,no,no,12,01:19,
Joshua,jab,NA,head,landed,soloPunch,no,no,12,01:19,
Usyk,jab,NA,head,landed,soloPunch,no,no,12,01:18,
Usyk,jab,NA,head,missed,comboPunch,no,no,12,01:16,
Usyk,jab,NA,head,missed,comboPunch,no,no,12,01:16,
Usyk,powerpunch,cross,head,missed,comboPunch,no,no,12,01:14,
Usyk,powerpunch,hook,head,missed,comboPunch,no,no,12,01:14,
Joshua,hold,NA,NA,NA,NA,no,no,12,01:12,
Joshua,powerpunch,hook,head,missed,soloPunch,no,no,12,01:09,
Usyk,jab,NA,head,landed,comboPunch,no,no,12,01:08,
Usyk,powerpunch,cross,head,landed,comboPunch,no,no,12,01:08,
Joshua,powerpunch,uppercut,body,landed,soloPunch,no,no,12,01:07,
Joshua,hold,NA,NA,NA,NA,no,no,12,01:06,
Joshua,jab,NA,head,missed,comboPunch,no,no,12,00:57,
Joshua,powerpunch,cross,head,landed,comboPunch,no,no,12,00:57,
Usyk,jab,NA,body,landed,comboPunch,no,no,12,00:57,
Usyk,powerpunch,cross,head,missed,comboPunch,no,no,12,00:56,
Usyk,powerpunch,hook,head,missed,comboPunch,no,no,12,00:56,
Usyk,powerpunch,uppercut,head,missed,comboPunch,no,no,12,00:56,
Usyk,jab,NA,head,landed,comboPunch,no,no,12,00:55,
Usyk,powerpunch,uppercut,body,missed,comboPunch,no,no,12,00:54,
Usyk,powerpunch,cross,head,missed,comboPunch,no,no,12,00:54,
Joshua,jab,NA,head,landed,soloPunch,no,no,12,00:52,
Usyk,jab,NA,head,landed,comboPunch,no,no,12,00:52,
Usyk,powerpunch,cross,head,missed,comboPunch,no,no,12,00:52,
Usyk,powerpunch,hook,head,landed,comboPunch,no,no,12,00:51,
Joshua,powerpunch,hook,body,missed,soloPunch,no,no,12,00:51,
Usyk,jab,NA,head,landed,soloPunch,no,no,12,00:47,
Joshua,jab,NA,head,landed,soloPunch,no,no,12,00:47,
Usyk,powerpunch,cross,head,missed,soloPunch,no,no,12,00:46,
Joshua,powerpunch,cross,head,missed,soloPunch,no,no,12,00:46,
Usyk,jab,NA,head,missed,soloPunch,no,no,12,00:46,
Joshua,powerpunch,hook,head,missed,soloPunch,no,no,12,00:45,
Usyk,jab,NA,head,missed,comboPunch,no,no,12,00:44,
Usyk,powerpunch,cross,head,missed,comboPunch,no,no,12,00:44,
Usyk,powerpunch,hook,head,landed,comboPunch,no,no,12,00:44,
Joshua,jab,NA,head,missed,soloPunch,no,no,12,00:41,
Joshua,jab,NA,head,missed,comboPunch,no,no,12,00:39,
Joshua,powerpunch,cross,body,missed,comboPunch,no,no,12,00:39,
Usyk,powerpunch,hook,body,missed,comboPunch,no,no,12,00:39,
Usyk,powerpunch,hook,body,missed,comboPunch,no,no,12,00:39,
Joshua,hold,NA,NA,NA,NA,no,no,12,00:39,
Joshua,jab,NA,head,missed,soloPunch,no,no,12,00:29,
Usyk,jab,NA,head,missed,comboPunch,no,no,12,00:27,
Usyk,jab,NA,head,landed,comboPunch,no,no,12,00:27,
Joshua,jab,NA,head,missed,comboPunch,no,no,12,00:23,
Joshua,powerpunch,cross,head,missed,comboPunch,no,no,12,00:23,
Usyk,powerpunch,hook,head,landed,comboPunch,no,no,12,00:22,
Usyk,powerpunch,hook,head,landed,comboPunch,no,no,12,00:22,
Joshua,hold,NA,NA,NA,NA,no,no,12,00:21,
Joshua,powerpunch,cross,head,missed,soloPunch,no,no,12,00:17,
Joshua,hold,NA,NA,NA,NA,no,no,12,00:16,
Joshua,powerpunch,hook,body,landed,soloPunch,no,no,12,00:10,"to the back, when ref was seperating."
Joshua,jab,NA,head,missed,comboPunch,no,no,12,00:08,
Joshua,powerpunch,cross,head,missed,comboPunch,no,no,12,00:07,
Joshua,hold,NA,NA,NA,NA,no,no,12,00:01,
